:020000040800F2
:1050000020440020356F0108895A01088B5A010895
:105010008D5A01088F5A0108915A010800000000BA
:10502000000000000000000000000000955A010888
:10503000935A010800000000975A0108995A010884
:105040005B5C01085D5C01085F5C0108615C010854
:10505000635C0108655C0108615D0108675C01082B
:10506000695C01086B5C01086D5C01086F5C0108FC
:10507000715C0108735C0108755C0108775C0108CC
:10508000795C01087B5C01087D5C01087F5C01089C
:10509000815C0108835C0108855C0108875C01086C
:1050A000895C01088B5C01088D5C01088F5C01083C
:1050B000214A0108915C0108935C0108955C010894
:1050C000975C0108995C01089B5C01089D5C0108E4
:1050D0009F5C0108A15C0108E15C0108215D0108F9
:1050E000635D0108A35D0108A55D0108A75D0108D6
:1050F000A95D0108AB5D0108AD5D0108AF5D010868
:10510000B15D0108B35D0108B55D0108B75D010837
:10511000B95D0108995E01089B5E01089D5E01086A
:105120009F5E0108A15E0108A35E0108A55E01085B
:1051300038B50020DFF8A81C087000214FF4A0400B
:1051400003F01EFE00214FF4A04003F019FE0021E1
:10515000012010F5A04003F013FE0021012010F5FE
:10516000A04003F00DFE00214FF4864003F008FE3E
:1051700000250EE00021E4B2EDB2A80000F5C04029
:105180004030201803F0FCFD641CE4B2032CF1DB7A
:105190006D1CEDB2102D01DA0024F6E7002507E0C2
:1051A0000021EDB2A80010F5C04003F0E9FD6D1C30
:1051B000EDB20C2DF4DB002507E00021EDB2A800D4
:1051C00010F5C14003F0DCFD6D1CEDB2082DF4DBE1
:1051D000002508E00021EDB2A80000F5C040C03075
:1051E00003F0CEFD6D1CEDB2042DF3DB002507E0CE
:1051F0000021EDB2A80010F5C44003F0C1FD6D1C04
:10520000EDB2142DF4DB002407E00021E4B204F534
:10521000C040E03003F0B4FD641CE4B2042CF4DBC5
:10522000002518E00021E4B2EDB2A80000F5C0406E
:10523000D030201803F0A4FD0021E4B2EDB2A800A4
:1052400000F5C040E430201803F09AFD641CE4B27D
:10525000042CE7DB6D1CEDB2042D01DA0024F6E727
:10526000002144F2653003F08BFD002144F204304C
:1052700003F086FD00214FF4884003F081FD0020FB
:10528000DFF8701C08700020DFF86C1C087000202C
:10529000DFF8681C08700020DFF8641C087000202C
:1052A000DFF8601C08700020DFF85C1C087000202C
:1052B000DFF8581C08700020DFF8541C087000202C
:1052C000DFF8501C08600020DFF84C1C087000203C
:1052D000DFF8801D0860002032BD38B504000025CD
:1052E0000020C9B2002904D145F4804555F040059D
:1052F00002E04BF6BF700540290089B244F2060077
:1053000003F03EFDE4B22000000210F47F40E4B25E
:105310002018010089B244F2050003F031FD45F484
:10532000004555F08005290089B244F2060003F0DB
:1053300027FD31BD70B50C001D000026002100289E
:1053400003D14BF6FF70064001E056F48046002A78
:1053500003D14FF6BF70064001E056F04006310021
:1053600089B244F2060003F00BFDE4B22100090209
:1053700011F47F41EDB2691889B244F2050003F0DF
:10538000FFFC46F4004656F08006310089B244F234
:10539000060003F0F5FC70BD10B586B0040002A84D
:1053A000019004A8009003AB05AADFF8AC1CDFF85D
:1053B000AC0C03F029FD029B049A03990598FFF7B2
:1053C000B9FF00212000C0B203F0B1FD002006B0FB
:1053D00010BD1CB5040000AB01AADFF8841CDFF887
:1053E0007C0C03F011FD0199C9B20098C0B2FFF71F
:1053F00074FF00212000C0B203F099FD002016BD0B
:105400002DE9F84F04000D0016005FF00009370089
:1054100036B2B000D0F10500042190FBF1F85FF046
:10542000000A14E000210FFA8AFA5FEA4A0010F538
:105430000050401C03F0A4FC00210FFA8AFA5FEA36
:105440004A0010F5005003F09BFC1AF1010A0FFA14
:105450008AFA24B236B2A01B8245E3DB301910F180
:10546000010A14E000210FFA8AFA5FEA4A0010F5F7
:105470000050401C03F084FC00210FFA8AFA5FEA16
:105480004A0010F5005003F07BFC1AF1010A0FFAF4
:105490008AFABAF5006FE5DB484606E00FFA89F9AB
:1054A0005FEA4901491C11EB08080FFA89F93FB27C
:1054B000B94580F2B28019F101090FFA88F8B8F104
:1054C000000FEBD4B9EB0000ADF80000B5EB090A12
:1054D00024B23FB2E01B002815D4BDF8001089B2F9
:1054E00024B23FB2E01B400010F50050401C03F016
:1054F00047FC514689B224B23FB2E01B400010F590
:10550000005003F03DFC24B23FB23819B0F5006FF3
:1055100015DABDF8001089B224B23FB23819400044
:1055200010F50050401C03F02BFC514689B224B208
:105530003FB23819400010F5005003F021FC5FF035
:10554000000B5AE0B5EB070A24B20FFA89F9B4EB65
:1055500009000FFA8BFB1BEB000000281FD4012170
:1055600024B20FFA89F9B4EB09000FFA8BFB1BEB9D
:105570000000400010F50050401C03F001FC5146B3
:1055800089B224B20FFA89F9B4EB09000FFA8BFB48
:105590001BEB0000400010F5005003F0F1FB24B2BB
:1055A0000FFA89F919EB04000FFA8BFBB0EB0B0033
:1055B000B0F5006F1FDA012124B20FFA89F919EB57
:1055C00004000FFA8BFBB0EB0B00400010F500500D
:1055D000401C03F0D5FB514689B224B20FFA89F979
:1055E00019EB04000FFA8BFBB0EB0B00400010F539
:1055F000005003F0C5FB1BF1010BBDF900000FFAD1
:105600008BFB83459EDB48467F1EB9EB070109B241
:105610004900491C11EB080847E7B5EB060A0121D0
:1056200024B2600010F50050401C03F0A9FB514665
:1056300089B224B2600010F5005003F0A1FB24B23F
:1056400036B23019B0F5006F01DB200001E04FF4F5
:10565000006000B2BDE8F28F2DE9F047DFF8D01D01
:105660000968082904D0DFF8C81D0968102906D187
:10567000DFF8C00D0578DFF8BC0D007808E0DFF832
:10568000B41D0D78EDB2DFF8A81D0968B5FBF1F582
:10569000DFF8A41D0978890701D5002600E001265E
:1056A000DFF8E81D097800295DD1002744E05FFAA2
:1056B00088F8BFB2DFF8280E10EB071018F800408A
:1056C00018F10108E4B2E4B254EA042189B21FFAE5
:1056D00089F9BFB2B6B2802000FB06F010F5E040B9
:1056E00010EB471019EB000003F04AFB19F1010918
:1056F000E4B2200950EA041A5FFA8AFA5046C0B2AE
:1057000050EA0A2189B21FFA89F9BFB2B6B28020E5
:1057100000FB06F010F5E04010EB471019EB00001D
:1057200003F02EFB19F101092800C0B280B21FFA64
:1057300089F94845BBD27F1CBFB2042F80F24D834C
:10574000EDB2290089B2BFB2B6B2802000FB06F0EC
:1057500010F5E04010EB471003F012FB5FF000087B
:105760005FF00109E0E7DFF8241D0978012943D142
:1057700000272AE05FFA88F8BFB2DFF8640D10EB6B
:10578000071018F8004018F10108A2465FFA8AFADB
:10579000E4B254EA0A2189B21FFA89F9BFB2B6B25B
:1057A000802000FB06F010F5E04010EB471019EBED
:1057B000000003F0E5FA19F101092800C0B280B237
:1057C0001FFA89F94845D5D27F1CBFB2042F80F259
:1057D0000483EDB2290089B2BFB2B6B2802000FBCB
:1057E00006F010F5E04010EB471003F0C9FA5FF047
:1057F00000085FF00109E0E7DFF8901C0978022952
:105800004DD1002734E05FFA88F8BFB2DFF8D00C42
:1058100010EB071018F8004018F101085FFA88F83B
:10582000BFB2DFF8BC0C10EB071018F800A018F19D
:105830000108E4B25FFA8AFA5AEA042189B21FFA2F
:1058400089F9BFB2B6B2802000FB06F010F5E04047
:1058500010EB471019EB000003F092FA19F101095F
:105860002800C0B280B21FFA89F94845CBD27F1C0C
:10587000BFB2042F80F2B182EDB2290089B2BFB26B
:10588000B6B2802000FB06F010F5E04010EB4710A8
:1058900003F076FA5FF000085FF00109E0E7DFF857
:1058A000EC1B0978032940F0E980C0B2042190FB89
:1058B000F1F500275DE0EDB2022D59D15FF001094D
:1058C0005FFA88F8BFB2DFF8180C10EB071018F871
:1058D000004018F101085FFA88F8BFB2DFF8000C49
:1058E00010EB071018F800A018F10108E4B25FFAF5
:1058F0008AFA5AEA042189B21FFA89F9BFB2B6B20C
:10590000802000FB06F010F5E04010EB471019EB8B
:10591000000003F035FA5FFA88F8BFB2DFF8C00B79
:1059200010EB071018F8004018F101085FFA88F82A
:10593000BFB2DFF8AC0B10EB071018F800A018F19D
:105940000108E4B25FFA8AFA5AEA042189B21FFA1E
:1059500089F9BFB2B6B2802000FB06F010F5E04036
:1059600010EB471019EB000010F5807003F008FAF7
:105970007F1CBFB2042F80F230820121BFB2B6B2C9
:10598000802000FB06F010F5E04010EB471003F01C
:10599000F7F90121BFB2B6B2802000FB06F010F586
:1059A000E04010EB471010F5807003F0E9F900219A
:1059B000BFB2B6B2802000FB06F010F5E04010EB5D
:1059C000471010F5007003F0DBF90021BFB2B6B24A
:1059D000802000FB06F010F5E04010EB471010F5BA
:1059E000407003F0CDF95FF00008EDB2012D7FF4B7
:1059F00062AF5FF001095FFA88F8BFB2DFF8E00A32
:105A000010EB071018F8004018F101085FFA88F849
:105A1000BFB2DFF8CC0A10EB071018F800A018F19D
:105A20000108E4B25FFA8AFA5AEA042189B21FFA3D
:105A300089F9BFB2B6B2802000FB06F010F5E04055
:105A400010EB471019EB000003F09AF9E4B25FFA8B
:105A50008AFA5AEA042189B21FFA89F9BFB2B6B2AA
:105A6000802000FB06F010F5E04010EB471019EB2A
:105A7000000010F5807003F083F979E7DFF80C1A65
:105A80000978042940F04681C0B2042190FBF1F569
:105A900000278CE0EDB2022D40F088805FF0010914
:105AA0005FFA88F8BFB2DFF8380A10EB071018F871
:105AB000004018F101085FFA88F8BFB2DFF8200A49
:105AC00010EB071018F800A018F10108E4B25FFA13
:105AD0008AFA5AEA042189B21FFA89F9BFB2B6B22A
:105AE000802000FB06F010F5E04010EB471019EBAA
:105AF000000003F045F9E4B25FFA8AFA5AEA042199
:105B000089B21FFA89F9BFB2B6B2802000FB06F055
:105B100010F5E04010EB471019EB000010F5007095
:105B200003F02EF95FFA88F8BFB2DFF8B40910EB82
:105B3000071018F8004018F101085FFA88F8BFB2A2
:105B4000DFF89C0910EB071018F800A018F1010805
:105B5000E4B25FFA8AFA5AEA042189B21FFA89F993
:105B6000BFB2B6B2802000FB06F010F5E04010EBAB
:105B7000471019EB000010F5807003F001F9E4B252
:105B80005FFA8AFA5AEA042189B21FFA89F9BFB288
:105B9000B6B2802000FB06F010F5E04010EB471095
:105BA00019EB000010F5407003F0EAF87F1CBFB25B
:105BB000042F80F212810121BFB2B6B2802000FB17
:105BC00006F010F5E04010EB471003F0D9F8012182
:105BD000BFB2B6B2802000FB06F010F5E04010EB3B
:105BE000471010F5807003F0CBF80121BFB2B6B2B8
:105BF000802000FB06F010F5E04010EB471010F598
:105C0000007003F0BDF80121BFB2B6B2802000FBE6
:105C100006F010F5E04010EB471010F5407003F06F
:105C2000AFF85FF00008EDB2012D7FF433AF5FF005
:105C300001095FFA88F8BFB2DFF8A40810EB07107B
:105C400018F8004018F101085FFA88F8BFB2DFF8D1
:105C5000900810EB071018F800A018F10108E4B242
:105C60005FFA8AFA5AEA042189B21FFA89F9BFB2A7
:105C7000B6B2802000FB06F010F5E04010EB4710B4
:105C800019EB000003F07CF8E4B25FFA8AFA5AEAF2
:105C9000042189B21FFA89F9BFB2B6B2802000FB95
:105CA00006F010F5E04010EB471019EB000010F57E
:105CB000807003F065F8E4B25FFA8AFA5AEA0421C8
:105CC00089B21FFA89F9BFB2B6B2802000FB06F094
:105CD00010F5E04010EB471019EB000010F50070D4
:105CE00003F04EF8E4B25FFA8AFA5AEA042189B264
:105CF0001FFA89F9BFB2B6B2802000FB06F010F59A
:105D0000E04010EB471019EB000010F5407003F075
:105D100037F84BE700274AE05FFA88F8BFB2DFF8B0
:105D2000C00710EB071018F8004018F1010814F034
:105D3000F000E4B250EA141A5FFA8AFA5046C0B290
:105D400050EA0A2189B21FFA89F9BFB2B6B280209F
:105D500000FB06F010F5E04010EB471019EB0000D7
:105D600003F00EF819F1010914F00F0050EA0414C1
:105D7000E4B22000C0B250EA042189B21FFA89F9C6
:105D8000BFB2B6B2802000FB06F010F5E04010EB89
:105D9000471019EB000002F0F3FF19F10109280088
:105DA000C0B280B21FFA89F94845B5D27F1CBFB294
:105DB000042F12DAEDB2290089B2BFB2B6B2802048
:105DC00000FB06F010F5E04010EB471002F0D8FFA2
:105DD0005FF000085FF00109E1E7BDE8F08700002F
:105DE000063400202DE9F04387B003A8019004A8F1
:105DF000009002AB05AADFF8F417DFF8F40700689B
:105E0000DFF8F0470019401C02F0FEFF0498000381
:105E10000490039800030390DFF8DC0700680599FD
:105E2000B0FBF1F4DFF8D00700680599B0FBF1F2A0
:105E300001FB1200002800D0641CDFF8C0070068D6
:105E40000299B0FBF1F5DFF8B40700680299B0FBE6
:105E5000F1F201FB1200002800D06D1C0027002683
:105E600000E0761C0598864241D2E719390089B2D4
:105E7000700110F5A04002F083FF5FF000085FF0B2
:105E8000010921E0039810EB080189B2700110F5B7
:105E9000A04019EB000002F073FF4FF6FF71700194
:105EA00010F5A04019EB000010F5007002F068FF3B
:105EB0000021700110F5A04019EB000010F5806082
:105EC00002F05EFF19F1010902984845C9D3029812
:105ED000814502D15FF0000801E015EB080819EBDD
:105EE0000600C007CED5049810EB0801CDE707B037
:105EF000BDE8F083093400200A3400200B34002070
:105F00000C3400200F3400200D3400200734002012
:105F100004340020D0330020033400202DE9F04762
:105F200088B003A8019004A8009002AB05AADFF88E
:105F3000BC16DFF8BC060068DFF8B8460019401C44
:105F400002F062FF0498000304900398000303909A
:105F5000DFF8A40600680599B0FBF1F4DFF89806B5
:105F600000680599B0FBF1F201FB1200002800D097
:105F7000641CDFF8880600680299B0FBF1F5DFF8D1
:105F80007C0600680299B0FBF1F201FB12000028C8
:105F900000D06D1C0026DFF85806006810F10708D5
:105FA000002702E07F1C18F10408059887424ED2B2
:105FB000A619310089B2780110F5A04002F0E0FE88
:105FC0005FF0000906AADFF83816DFF8280618EB9C
:105FD000000002F019FF5FF0010A21E0049810EBC5
:105FE000090189B2780110F5A0401AEB000002F017
:105FF000C7FE4FF6FF71780110F5A0401AEB0000C4
:1060000010F5007002F0BCFE0021780110F5A040F0
:106010001AEB000010F5806002F0B2FE1AF1010ADE
:1060200002985045BED30298824502D15FF0000924
:1060300001E015EB090906984FF400415246521E43
:1060400011410842CAD0039810EB0901C9E708B012
:10605000BDE8F087C8330020606C010815000020FF
:10606000D46E0108F0B58BB004A8019005A800908B
:1060700002AB07AADFF87415DFF874050068DFF8D3
:1060800074450019401C02F0BFFE08A8019006A844
:10609000009009AB03AADFF86C15DFF8540500681F
:1060A000DFF850450019C01D02F0AEFE0398E0492C
:1060B0000968B0FBF1F0039005980003059004987F
:1060C000000304900698000306900025002400E0D9
:1060D000641C0798844280F0928009984519290031
:1060E00089B2600110F5A04002F04AFE00260127A7
:1060F0001CE00498811989B2600110F5A04038189D
:1061000002F03EFE4FF6FF71600110F5A040381816
:1061100010F5007002F034FE0021600110F5A0407F
:10612000381810F5806002F02BFE7F1C0298B842F0
:1061300007D3039886193819C007DAD5059881194D
:10614000D9E7DFF8B804006880190399029A51432F
:10615000B0EB41063005000D0699091889B26001BF
:1061600010F5A040381802F00BFE089989B26001C2
:1061700010F5A040381810F5007002F001FE002163
:10618000600110F5A040381810F5806002F0F8FDAD
:106190007F1C1CE00498811989B2600110F5A040B1
:1061A000381802F0EDFD4FF6FF71600110F5A040C8
:1061B000381810F5007002F0E3FD0021600110F5C1
:1061C000A040381810F5806002F0DAFD7F1C0298BC
:1061D0004000401CB842FFF47BAF02984000401CD6
:1061E000874201D1002601E00398861938190299E7
:1061F000401A401CC007CDD505988119CCE7DFF8BF
:10620000F803006840190999079A5143B0EB41051A
:10621000290089B2600110F5A04002F0B1FD069995
:1062200089B2600110F5A040401C02F0A9FD089958
:1062300089B2600110F5A04000F2012002F0A0FD3B
:106240000021600110F5A04000F2014002F098FD2D
:10625000641C00E0641C07984000A042C0F09780D6
:1062600009984519290089B2600110F5A04002F093
:1062700087FD002601271CE00498811989B260017E
:1062800010F5A040381802F07BFD4FF6FF71600159
:1062900010F5A040381810F5007002F071FD0021D3
:1062A000600110F5A040381810F5806002F068FD1C
:1062B0007F1C0298B8420AD3039886190798201ABF
:1062C000401C3818C007D7D505988119D6E7CB48A8
:1062D000006880190399029A5143B0EB41063005DA
:1062E000000D0699091889B2600110F5A040381810
:1062F00002F046FD089989B2600110F5A0403818F7
:1063000010F5007002F03CFD0021600110F5A04086
:10631000381810F5806002F033FD7F1C1CE00498F3
:10632000811989B2600110F5A040381802F028FDEB
:106330004FF6FF71600110F5A040381810F500709D
:1063400002F01EFD0021600110F5A040381810F584
:10635000806002F015FD7F1C02984000401CB8428E
:10636000FFF478AF02984000401C874201D100261C
:1063700001E0039886190798201A401C38180299E2
:10638000401A401EC007CAD505988119C9E70BB04D
:10639000F0BD1FB501A8009002AB03AADFF8841C72
:1063A00093480068934C0019C01C02F02DFD03991E
:1063B00089B244F20A0002F0E3FC029989B244F285
:1063C000090002F0DDFC019989B244F2080002F0F4
:1063D000D7FC874800680F30DFF8201E08601FBD1B
:1063E0001FB501A8009002AB03AADFF8381C804853
:1063F0000068804C0019C01C02F006FD039989B2A8
:1064000044F20E0002F0BCFC029989B244F20D0085
:1064100002F0B6FC019989B244F20C0002F0B0FC23
:10642000734800680F30DFF8D41D08601FBD0000FE
:10643000B833002012340020113400201FB501A809
:10644000009002AB03AADFF8DC1B69480068694CC6
:106450000019C01C02F0D8FC039989B244F2220052
:1064600002F08EFC029989B244F2210002F088FC0D
:10647000019989B244F2200002F082FC5C48006875
:106480000F30DFF8781D08601FBD000008340020C1
:106490001FB501A8009002AB03AADFF8881B54487F
:1064A0000068544C0019C01C02F0AEFC039989B27C
:1064B00044F2120002F064FC029989B244F2110025
:1064C00002F05EFC019989B244F2100002F058FC1F
:1064D000474800680F30DFF8241D08601FBD00002A
:1064E000AC3000201FB501A8009002AB03AADFF872
:1064F000341B3F4800683F4C0019801C02F084FCAC
:10650000039989B244F20A0002F03AFC029989B276
:1065100044F2090002F034FC019989B244F2080007
:1065200002F02EFC01A8009002AB03AADFF8F41AD7
:106530002F4800682F4C00190E3002F065FC0399BB
:1065400089B244F20E0002F01BFC029989B244F2B7
:106550000D0002F015FC019989B244F20C0002F022
:106560000FFC01A8009002AB03AADFF8B81A20487C
:106570000068204C00191A3002F046FC039989B2D9
:1065800044F2220002F0FCFB029989B244F221009D
:1065900002F0F6FB019989B244F2200002F0F0FB10
:1065A00001A8009002AB03AADFF8781A104800682F
:1065B000104C0019263002F027FC039989B244F2EE
:1065C000120002F0DDFB029989B244F2110002F0E0
:1065D000D7FB019989B244F2100002F0D1FB0448C4
:1065E00000683230DFF8901E08601FBD746C01082F
:1065F000B433002008000020C4330020C033002042
:1066000028700108886C01082DE9F04383B001204F
:10661000DFF8EC1B087090E00098DFF8E81B0968D1
:10662000461A0098DFF8DC1B0860009989B2E4B2D2
:10663000600110F5A04002F0A3FB0027DFF8C80BB3
:106640000068001DDFF8C01B08606D1C01AB00AACC
:10665000DFF8B81BDFF8B00B0068DFF8B4CB10EB45
:106660000C00C01C02F0D0FB00980005000D0028B3
:1066700008D0DFF8A01B0968DFF89C2B1268514393
:10668000884215D3009810F470400090DFF8840B16
:106690000068DFF8841B09684843B0EB0708DFF89F
:1066A000740B0068DFF8701B096801FB00F702E05B
:1066B000B0EB0708070000980005000DDFF8581B35
:1066C0000968B0FBF1F0009911F4704108180090CE
:1066D000009989B2EDB2E4B2600110F5A04028182B
:1066E00002F04EFB019989B2EDB2E4B2600110F5FF
:1066F000A040281810F5007002F042FB02229AA177
:10670000DFF8040B0068DFF8083BC0180B3003F01B
:106710006DF8002856D10021EDB2E4B2600110F509
:10672000A040281810F5806002F02AFBDFF8D80A94
:1067300000680E30DFF8D01A0860DFF8CC0A006875
:10674000DFF8B81A0968884280F0AA8303F096F847
:1067500001AB00AADFF8241DDFF8AC0A0068DFF8FF
:10676000B04A001902F050FB009810F00F04019D90
:10677000EDB2002D7FF469AF00AADFF8041DDFF849
:10678000880A0068DFF8883AC018C01C02F03CFB99
:106790000098002806D00098DFF8401D096888425C
:1067A000FFF43AAF00200090DFF8300D0068DFF80A
:1067B000541A0968461ADFF8240D0068DFF8441AF5
:1067C000086032E7022269A1DFF83C0A0068DFF8BE
:1067D000403AC0180B3003F009F8002827D15FF0C9
:1067E0008070B0FBF8F0DFF8081E0968B0FBF1F02C
:1067F00010F101095FEA1940C0B250F4805189B22A
:10680000EDB2E4B2600110F5A040281810F58060E8
:1068100002F0B6FA494689B2EDB2E4B2600110F571
:10682000A040281810F5C06002F0AAFA7EE7022204
:106830004FA1DFF8D4090068DFF8D439C0180B3055
:1068400002F0D4FF002827D15FF08070B0FBF8F091
:10685000DFF89C1D0968B0FBF1F97FEA09095FEADE
:106860001940C0B250F4805189B2EDB2E4B2600177
:1068700010F5A040281810F5806002F081FA494612
:1068800089B2EDB2E4B2600110F5A040281810F50D
:10689000C06002F075FA49E7022236A1DFF8680904
:1068A0000068DFF86C39C0180B3002F09FFF002839
:1068B00025D15FF08070B0FBF6F94FF47041EDB276
:1068C000E4B2600110F5A040281810F5806002F0D5
:1068D00057FA5FEA1940C1B2E4B2600110F5A04076
:1068E00010F5806002F04CFA494689B2E4B26001CA
:1068F00010F5A04010F5C06002F042FA16E702223F
:106900001DA1DFF804090068DFF80439C0180B3056
:1069100002F06CFF002831D15FF08070B0FBF6F020
:1069200010F101094FF45041EDB2E4B2600110F5ED
:10693000A040281810F5806002F022FA5FEA1940A2
:10694000C1B2E4B2600110F5A04010F5806002F021
:1069500017FA494689B2E4B2600110F5A04010F57B
:10696000C06002F00DFAE1E64E4F0000482B000037
:10697000482D0000562B0000562D00000222CBA10E
:10698000DFF884080068DFF88838C0180B3002F0A0
:106990002DFF002843D15FF08070B0FBF6F010F1BE
:1069A00001095FEA1941C9B289B2E4B2600110F588
:1069B000A04010F5806002F0E3F9494689B2E4B2E4
:1069C000600110F5A04010F5C06002F0D9F95FF049
:1069D0008070B0FBF8F0DFF8181C0968B0FBF1F02C
:1069E00010F101095FEA1940C0B250F4304189B298
:1069F000EDB2E4B2600110F5A040281810F58060F7
:106A000002F0BEF9494689B2EDB2E4B2600110F578
:106A1000A040281810F5C06002F0B2F986E6022204
:106A2000CCA1DFF8E4070068DFF8E437C0180B30CA
:106A300002F0DCFE002843D15FF08070B0FBF6F07E
:106A400010F101095FEA1941C9B289B2E4B26001EB
:106A500010F5A04010F5806002F092F9494689B225
:106A6000E4B2600110F5A04010F5C06002F088F9B2
:106A70005FF08070B0FBF8F0DFF8741B0968B0FBC2
:106A8000F1F97FEA09095FEA1940C0B250F43041D8
:106A900089B2EDB2E4B2600110F5A040281810F5FB
:106AA000806002F06DF9494689B2EDB2E4B260014E
:106AB00010F5A040281810F5C06002F061F935E625
:106AC0000222D1A1DFF840070068DFF84437C01880
:106AD0000B3002F08BFE002843D15FF08070B0FBDA
:106AE000F6F010F101095FEA1941C9B289B2E4B2C6
:106AF000600110F5A04010F5806002F041F94946B0
:106B000089B2E4B2600110F5A04010F5C06002F057
:106B100037F95FF08070B0FBF8F0DFF8D41A09683D
:106B2000B0FBF1F010F101095FEA1940C0B250F476
:106B3000104189B2EDB2E4B2600110F5A04028180E
:106B400010F5806002F01CF9494689B2EDB2E4B25A
:106B5000600110F5A040281810F5C06002F010F98F
:106B6000E4E50222CFA1DFF8A0060068DFF8A03636
:106B7000C0180B3002F03AFE002843D15FF080705D
:106B8000B0FBF6F010F101095FEA1941C9B289B210
:106B9000E4B2600110F5A04010F5806002F0F0F85A
:106BA000494689B2E4B2600110F5A04010F5C0601A
:106BB00002F0E6F85FF08070B0FBF8F0DFF8301A12
:106BC0000968B0FBF1F97FEA09095FEA1940C0B230
:106BD00050F4104189B2EDB2E4B2600110F5A0406A
:106BE000281810F5806002F0CBF8494689B2EDB262
:106BF000E4B2600110F5A040281810F5C06002F062
:106C0000BFF893E50222BBA1DFF8FC050068DFF8BE
:106C10000036C0180B3002F0E9FD002843D15FF0C8
:106C20008070B0FBF6F010F101095FEA1941C9B2BA
:106C300089B2E4B2600110F5A04010F5806002F066
:106C40009FF8494689B2E4B2600110F5A04010F502
:106C5000C06002F095F85FF08070B0FBF8F0DFF8EC
:106C600090190968B0FBF1F97FEA09095FEA194058
:106C7000C0B250F4A04189B2EDB2E4B2600110F5A7
:106C8000A040281810F5806002F07AF8494689B2D1
:106C9000EDB2E4B2600110F5A040281810F5C06014
:106CA00002F06EF842E5022293A101E044310000B7
:106CB000DFF854050068DFF85835C0180B3002F0D3
:106CC00095FD002843D15FF08070B0FBF6F010F125
:106CD00001095FEA1941C9B289B2E4B2600110F555
:106CE000A04010F5806002F04BF8494689B2E4B24A
:106CF000600110F5A04010F5C06002F041F85FF0AF
:106D00008070B0FBF8F0DFF8E8180968B0FBF1F02C
:106D100010F101095FEA1940C0B250F4A04189B2F4
:106D2000EDB2E4B2600110F5A040281810F58060C3
:106D300002F026F8494689B2EDB2E4B2600110F5DE
:106D4000A040281810F5C06002F01AF8EEE4022204
:106D5000B2A101E044320000DFF8AC040068DFF8C3
:106D6000B034C0180B3002F041FD002843D15FF071
:106D70008070B0FBF6F010F101095FEA1941C9B269
:106D800089B2E4B2600110F5A04010F5806001F016
:106D9000F7FF494689B2E4B2600110F5A04010F552
:106DA000C06001F0EDFF5FF08070B0FBF8F0DFF83D
:106DB00040180968B0FBF1F97FEA09095FEA194058
:106DC000C0B250F4E04189B2EDB2E4B2600110F516
:106DD000A040281810F5806001F0D2FF494689B222
:106DE000EDB2E4B2600110F5A040281810F5C060C3
:106DF00001F0C6FF9AE4022289A1DFF80C040068C2
:106E0000DFF80C3402E000BF44330000C0180B3040
:106E100002F0ECFC002843D15FF08070B0FBF6F08C
:106E200010F101095FEA1941C9B289B2E4B2600107
:106E300010F5A04010F5806001F0A2FF494689B22C
:106E4000E4B2600110F5A04010F5C06001F098FFB9
:106E50005FF08070B0FBF8F0DFF894170968B0FBC2
:106E6000F1F010F101095FEA1940C0B250F4E041BD
:106E700089B2EDB2E4B2600110F5A040281810F517
:106E8000806001F07DFF494689B2EDB2E4B2600155
:106E900010F5A040281810F5C06001F071FF45E41E
:106EA000BDE8F7834434000010B582B00400E4B2BA
:106EB00020000028022807D8E4B2210089B244F259
:106EC000600001F05DFF04E0002144F2600001F089
:106ED00057FFE4B20094E4B2230044F26002DFF80A
:106EE000A01BDFF8B80D02F0D1FCDFF8B00D02F006
:106EF00078FD13BD443500004436000010B588B05D
:106F00000120BF49087000214FF4A04001F038FF74
:106F10000021012010F5A04001F032FF002140F2D5
:106F2000012010F5A04001F02BFF002140F20140AC
:106F300010F5A04001F024FF0120DFF8481B087085
:106F400002AADFF8441BB0480068B14BC01801F03A
:106F50005BFF0020FFF7A8FF0298FF2802D1FEF791
:106F60007BFB0CE00298FE2803D10120FFF79CFF79
:106F700005E00298FD2802D10220FFF795FF03A843
:106F8000019004A8009005AB06AADFF8001B9E48FC
:106F900000689F4C0019801C01F036FF069989B2E9
:106FA00044F2094001F0ECFE059989B244F20A402E
:106FB00001F0E6FE049989B244F20B4001F0E0FED4
:106FC000039989B244F20C4001F0DAFE8E48006861
:106FD0008F494018807C312801D1042400E000242E
:106FE000DFF8BC0C0078002801D0012000E0002070
:106FF000C0B24FF6FB71084090F00200E4B22043AB
:1070000050F0010189B244F2084001F0B9FE54F099
:107010000100DFF88C1C087008B010BD4437000078
:1070200044380000C06D010810B586B001207449D5
:10703000087002AB03AADFF86C1C73480068744C3C
:107040000019103001F0E0FE00214FF4A04001F0E3
:1070500097FE03980001C0B2010289B2012010F529
:10706000A04001F08DFE029989B240F2012010F596
:10707000A04001F085FE002140F2014010F5A04043
:1070800001F07EFE05A8019004A8009002AB03AABF
:10709000DFF8F8195C4800685D4C001901F0B4FE97
:1070A000DFF8040C007803283BDA039989B2DFF893
:1070B000F80B0078800000F5C040C030401C01F0A3
:1070C0005FFE059989B2DFF8E00B0078800000F5DB
:1070D000C040C030801C01F053FE049989B2DFF833
:1070E000C80B0078800000F5C040C030C01C01F023
:1070F00047FE0298000AC0B20299C9B251EA0021C3
:1071000089B2DFF8A40B0078800000F5C040C030E1
:1071100001F036FEDFF8900B0078401CDFF8881B8A
:10712000087004A8009002AB03AADFF8801B364861
:107130000068374C0019153001F066FE0398DFF83F
:10714000701B08800298DFF8681B48800498DFF8FD
:10715000601B8880039989B244F20A0001F010FE96
:10716000029989B244F2090001F00AFE049989B239
:1071700044F2080001F004FE05A8019004A8009064
:1071800002AB03AADFF8601C1F480068204C0019FE
:10719000213001F039FE0398DFF8501C0880029876
:1071A000DFF8481C48800498DFF8401C8880059868
:1071B00064214843DFF8641D086006B010BD80B547
:1071C000114800681249405C312802D1FEF70AFEDE
:1071D00010E00D4800680E49405C322802D1FEF7ED
:1071E0009DFE07E0084800680949405C332801D14A
:1071F000FEF738FF01200249087001BDB0330020BE
:1072000005340020C8330020B4330020E06E0108AC
:1072100008000020C0330020B8330020F0B587B04C
:1072200003A8019002A8009005AB04AADFF85C183F
:10723000DFF8BC0B0068DFF8BC4B001901F0E4FD7F
:10724000049989B244F2064001F09AFD059989B289
:1072500044F2074001F094FD0498DFF8C41C09686B
:10726000B0FBF1F201FB1200C0B2800010F180040B
:10727000DFF8B00C0068082827D204980830049082
:107280000598103005900298C008C000029003983D
:107290000009000103900298C0080821B0FBF1F238
:1072A00002FB1102002A08D00298C0080821B0FB96
:1072B000F1F202FB1102042A03D102981038029065
:1072C0002AE002980838029026E0049840300490A2
:1072D0000598103005900298C008C00002900398ED
:1072E0000009000103900298C0080821B0FBF1F2E8
:1072F00002FB1102002A08D00298C0080821B0FB46
:10730000F1F202FB1102042A03D1029850380290D4
:1073100002E0029820380290039800090821B0FB8F
:10732000F1F202FB1102002A08D00398000908219B
:10733000B0FBF1F202FB1102042A03D103982038BA
:10734000039002E0039810380390049989B244F244
:10735000014001F015FD059989B244F2024001F0A7
:107360000FFD029989B244F2034001F009FD03992F
:1073700089B244F2044001F003FDDFF8AC0B006871
:10738000DFF8A01B09684843C508DFF89C0B0068BC
:10739000DFF8901B096848430821B0FBF1F202FBBB
:1073A0001102002A00D06D1C00270EE00021FFB260
:1073B0004FF4007000FB07F010F50040301801F0AA
:1073C000DFFC761CB542F1D27F1CFFB2082F01DA38
:1073D0000026F7E7002645E0E4B2210089B216F561
:1073E000004001F0CDFCE4B2611C89B216F500400A
:1073F000C01D01F0C5FCE4B2A11C89B216F5004025
:1074000000F2036001F0BCFCE4B2E11C89B216F5A5
:10741000004000F2046001F0B3FCE4B2611C89B2E8
:1074200016F5004000F6030001F0AAFCE4B22100CA
:1074300089B216F5004000F6040001F0A1FCE4B2A8
:10744000E11C89B216F5004010F5606001F098FC6F
:10745000E4B2A11C89B216F5004000F6076001F005
:107460008FFC0836B542B7D201214FF4884001F0B5
:1074700087FC07B0F0BD0000B03300203070010879
:107480003870010838B5DFF8900C02F0AAFA002431
:1074900019E002F0F3F9E4B2EDB2DFF8800C10EB82
:1074A0000510215C89B2EDB2E4B24FF4807000FBAC
:1074B00004F010F51040281801F062FC6D1CEDB2CC
:1074C000902DE6DB641CE4B2102C01DA0025F6E70F
:1074D000DFF8340D02F085FA31BD0000C43300201E
:1074E0007CB501AADFF87C1CDFF804090068DFF82E
:1074F0000439C01801F088FC0198DFF8101D0870ED
:10750000DFF8EC080068861C002418E000AADFF809
:107510007815DFF8E008301801F076FC0098DFF805
:10752000681C11EB041168546D1CB61CDFF8DC0CF0
:107530000078022190FBF1F08542E7D3641C042C13
:1075400001D20025F2E773BD70B5040015001E00DE
:10755000DFF8BC0C0078082849DAADB2A4B2A54225
:1075600005D220002C00050008003100060089B279
:10757000DFF89C0C0078800010F5C140401C01F041
:10758000FFFB290089B2DFF8880C0078800010F535
:10759000C140801C01F0F4FB310089B2DFF8700CAF
:1075A0000078800010F5C140C01C01F0E9FB049890
:1075B00080B2012802D154F4404407E080B202288E
:1075C00002D154F4204401E054F40044210089B273
:1075D000DFF83C0C0078800010F5C14001F0D0FBD2
:1075E000DFF82C0C0078401CDFF8241C087070BDFC
:1075F000BC33002038B504001500DFF8180C007803
:107600000F2838DAADB289B28D4202D208002900C3
:10761000050089B2DFF8FC0B0078800010F5C0404F
:10762000401C01F0ADFB290089B2DFF8E80B0078BF
:10763000800010F5C040801C01F0A2FB0021DFF8A3
:10764000D40B0078800010F5C040C01C01F098FBFE
:1076500054F40044210089B2DFF8B80B00788000B0
:1076600010F5C04001F08CFBDFF8A80B0078401C3F
:10767000DFF8A01B087031BD70B506000C001100CA
:107680001D00DFF8940B00780F2848DA89B2B6B2F3
:10769000B14202D230000E00010089B2DFF8780B4F
:1076A0000078800000F5C0404030401C01F068FBCD
:1076B000210089B2DFF8600B0078800000F5C0403F
:1076C0004030801C01F05CFB0021DFF84C0B00789F
:1076D000800000F5C0404030C01C01F051FBADB24D
:1076E000012D02D156F4404607E0ADB2022D02D181
:1076F00056F4204601E056F40046310089B2DFF826
:10770000180B0078800000F5C040403001F038FBD5
:10771000DFF8040B0078401CDFF8FC1A087070BD1D
:1077200010B588B005A8029003A8019006A80090A3
:1077300004AB07AADFF8E41ADFF8B4060068DFF844
:10774000B446001901F060FB049840F6FF718842CE
:1077500003D340F6FE70049007E0039840F6FF71F3
:10776000884202D340F6FE700390059880B20090E4
:10777000039B9BB2069A92B2049989B2079880B291
:10778000FFF7E2FE08B010BD1FB501A8009002ABE4
:1077900003AADFF88C1ADFF858060068DFF85446B1
:1077A000001901F031FB019A92B2029989B2039853
:1077B00080B2FFF71FFF1FBD10B586B002A8019071
:1077C00003A8009004AB05AADFF8581ADFF82006DA
:1077D0000068DFF82046001901F016FB029B9BB2FF
:1077E000039A92B2049989B2059880B2FFF744FFD8
:1077F00006B010BD1FB502A8009001AB03AADFF8C8
:10780000201ADFF8EC050068DFF8E845001901F000
:10781000FBFA029A12B2019909B2039800B2FDF77D
:10782000EFFD0400019989B244F2053001F0A8FA95
:10783000210089B244F2063001F0A2FA1FBD80B5E2
:1078400000AA8EA1DFF8A8050068DFF8A835C018E7
:1078500001F0DAFA0098012801D1032105E000982F
:10786000022801D1052100E0012189B244F204304F
:1078700001F086FA01BD30B587B006AADFF8701CAA
:10788000DFF86C050068DFF86C35C01801F0BCFA51
:10789000DFF8600C0068DFF85C15401810F8014C48
:1078A000DFF84C050068001DDFF84415086012E0A1
:1078B00002200090059B9BB2049A92B2029989B271
:1078C000039880B2FFF740FEDFF824050068083017
:1078D000DFF81C150860DFF81C0C00681138DFF8B1
:1078E00010150968884269D305A8019004A8009082
:1078F00002AB03AA6549DFF8F8040068DFF8F45426
:10790000401901F081FA03980499884208D1059A38
:1079100092B2029989B2039880B2FFF76BFED3E767
:1079200002980599884224D1E4B2322C09D0002370
:10793000049A92B2029989B2039880B2FFF79CFE32
:10794000C2E706980299884209D30123049A92B2A9
:10795000029989B2039880B2FFF78EFEB4E7022342
:10796000049A92B2029989B2039880B2FFF784FE1A
:10797000AAE7E4B2322C0CD000200090059B9BB209
:10798000049A92B2029989B2039880B2FFF7DCFDA3
:107990009AE70698029988428AD306980599884200
:1079A00086D301200090059B9BB2049A92B2029963
:1079B00089B2039880B2FFF7C7FD85E707B030BDF5
:1079C00010B588B004A8029005A8019006A8009000
:1079D00007AB03AADFF84418DFF814040068DFF8E7
:1079E0001444001901F010FAAF480078042843DA73
:1079F000079989B2AC480078800000F5C040C030DB
:107A0000401C01F0BDF9069989B2A74800788000B2
:107A100000F5C040C030801C01F0B2F9059989B270
:107A2000A1480078800000F5C040C030C01C01F0C3
:107A3000A7F90498012804D1039850F4404003901A
:107A40000BE00498022804D1039850F420400390DE
:107A500003E0039850F400400390039989B29248E0
:107A60000078800000F5C040C03001F089F98E48F0
:107A70000078401C8C49087008B010BD25316400A6
:107A8000D866010804340020407001089C6C01088D
:107A900010B590B008A8069009A805900AA804900F
:107AA0000BA803900CA802900DA801900EA80090BE
:107AB0000FAB07AADFF8401ACD480068CD4C00197B
:107AC00001F0A2F90798002805D0022829D015D383
:107AD000032839D04AE00A9989B244F2260001F01D
:107AE0004FF9099989B244F2250001F049F9089942
:107AF00089B244F2240001F043F937E00A9989B2CF
:107B000044F22A0001F03CF9099989B244F22900B3
:107B100001F036F9089989B244F2280001F030F9F1
:107B200024E00A9989B244F22E0001F029F909995A
:107B300089B244F22D0001F023F9089989B244F288
:107B40002C0001F01DF911E00A9989B244F23200CB
:107B500001F016F9099989B244F2310001F010F9E7
:107B6000089989B244F2300001F00AF9002107981F
:107B7000800000F5C040E430401C01F001F9002114
:107B80000798800000F5C040E430801C01F0F8F850
:107B90000C9810F47F400B99C1F30721014389B27F
:107BA0000798800000F5C040E430C01C01F0E8F800
:107BB00000210798800000F5C040E43001F0E0F8B3
:107BC0000E9989B20798800000F5C040D030401C63
:107BD00001F0D6F80D9989B20798800000F5C040F1
:107BE000D030801C01F0CCF80C980B99C9B251EA46
:107BF000002189B20798800000F5C040D030C01C39
:107C000001F0BEF80F9850F4004189B20798800047
:107C100000F5C040D03001F0B3F80120DFF8841D3A
:107C2000087010B010BD10B586B002A8019003A86E
:107C3000009004AB05AADFF8C4186D4800686D4CCD
:107C4000001901F0E1F8B848016889B244F20D303A
:107C500001F096F8039989B246F240003D3001F0F8
:107C60008FF8049989B246F240003E3001F088F85E
:107C7000029989B246F240003F3001F081F8059840
:107C800050F4004189B246F240003C3001F078F8EF
:107C90000120DFF8101D087006B010BD982E0020DE
:107CA00011340020EC6E01080C340020C06D010876
:107CB0004033002070B586B004A8019005A800905C
:107CC00002AB03AADFF8E41BDFF8DC0C0068494CC8
:107CD000001901F099F8039989B244F2064001F0C5
:107CE0004FF8029989B244F2074001F049F803992C
:107CF00089B244F2014001F043F8029989B244F29A
:107D0000024001F03DF8059989B244F2034001F0C8
:107D100037F8049989B244F2044001F031F88248FE
:107D20000068804909684843C4087F4800687D4965
:107D3000096848430821B0FBF1F202FB1102002A56
:107D400000D0641C00250EE00021EDB24FF400705D
:107D500000FB05F010F50040301801F011F8761C1A
:107D6000A642F1D36D1CEDB2082D01DA0026F7E72B
:107D7000DFF8340C006810F11004002527E01D48DE
:107D8000215C89B2EDB24FF4007000FB05F010F5F4
:107D90000040301800F0F4FF641C761C1548205C8D
:107DA0000A2804D0DFF84C0700688442E7D3114862
:107DB000205C0A2800D1641CDFF838070068844280
:107DC00004D3DFF8E40B006810F110046D1CEDB271
:107DD000082D01DA0026E1E701214FF4884000F088
:107DE000CFFF06B070BD0000B06C01084833002022
:107DF000B43300200800002010B58EB008A805900C
:107E000009A804900AA8039007A802900BA8019063
:107E10000CA800900DAB06AADFF8901BDFF8880BCA
:107E20000068DFF88C4B001900F0EEFFDFF8700DF2
:107E30000078142870DA0D9989B2DFF8640D0078A3
:107E4000800010F5C440401C00F09AFF0C9989B2E4
:107E5000DFF84C0D0078800010F5C440801C00F065
:107E60008FFF0B9989B2DFF8380D0078800010F58C
:107E7000C440C01C00F084FF0798012804D1069874
:107E800050F4404006900BE00798022804D1069871
:107E900050F42040069003E0069850F4004006900D
:107EA000069989B2DFF8F80C0078800010F5C4401C
:107EB00000F066FF0A9989B2DFF8E40C007803222B
:107EC00044F2293302FB003000F05AFF099989B2CD
:107ED000DFF8CC0C0078032244F2293302FB003097
:107EE000401C00F04DFF089989B2DFF8B40C00780F
:107EF000032244F2293302FB0030801C00F040FFD3
:107F0000012144F2653000F03BFFDFF8940C00786B
:107F1000401CDFF88C1C08700EB010BDD033002060
:107F2000CC330020B8330020C03300202DE9F84FB7
:107F300004002000DFF87C1A01F02CFF05D320009C
:107F4000DFF8741A01F038FF00D8BEE02000DFF837
:107F50006C1A01F01FFF0DD25FF02209200001F022
:107F60003DFF0022DFF8583A01F070FF02F04EF8B2
:107F7000040001E05FF02109DFF8488A03260EE0E3
:107F80001000210002F08AF8414601F003FF05D2FB
:107F90008046B7F10805B01EADF80000761CB6B2F9
:107FA000492E44DA200001F019FFDFF8F82BDFF842
:107FB000F83B02F0EBF882468B46B6B2300002F096
:107FC00013FA01F00BFF52465B4601F03FFF02F04F
:107FD0001BFA0700BFB2B7F10C00B0F5FE7FDDD28F
:107FE000BFB2380002F000FA01F0F8FEDFF8B42B5F
:107FF000DFF8B43B01F02AFF82468B46B6B2300070
:1080000002F0F2F901F0EAFE02000B005046594678
:1080100002F0BCF801F0FAFF02001000210001F0AC
:10802000B9FEADD22000110002F038F8ACE7ADB2D5
:1080300015F1080002F0CEF901F0D0FEDFF8642B54
:10804000DFF8683B01F002FF06000F00BDF80000FA
:10805000801C02F0BFF901F0C1FE02000B003000ED
:10806000390002F093F801F0D1FF02005FFA89F9BC
:10807000B9F1210F0BD1100001F0B0FE00225FF02A
:10808000804302F083F801F0C1FF02000AE0100013
:1080900001F0A4FE0022DFF8543C02F077F801F072
:1080A000B5FF0200ED01BDF800000543290089B2CB
:1080B00044F2020000F064FE5FFA89F959F40041CD
:1080C00089B244F2030000F05BFEBDE8F18F70B5A9
:1080D000002400250026DFF8D81A02F0C1F902F0CA
:1080E0002BFAB0F516700600DFF8040C50F82600E5
:1080F0000400DFF8FC0B50F82600000C05002100FE
:1081000089B244F2020000F03BFE290089B244F239
:10811000030000F035FE70BD186A0108885101089F
:10812000E0B5062280B2DFF88818411800A802F0F6
:1081300025FA00208DF8060000A802F025FA01F0CB
:1081400065FFDFF8B01B01F037FE07D8DFF8A81B8A
:1081500001F020FE02D2FFF7BAFF01E0FFF7E6FED2
:1081600007BD00004870010880B5DFF83C080068D2
:10817000001D80B2FFF7D4FFDFF82C0800680A303A
:10818000DFF8781B086001BDAC30002070B582B00C
:10819000040000A8DFF8681B0A680260E4B2042C3F
:1081A00000DB0024E4B2210089B244F2400000F078
:1081B000E7FD002607E00021F6B206F580404130D9
:1081C00000F0DEFD761CF6B2072EF4DBDFF8340B90
:1081D0000068E4B200A9615CB0FBF1F501260BE098
:1081E000F6B206FB05F189B2F6B206F580404130E1
:1081F000401E00F0C5FD761CE4B200A8205CF6B27B
:108200008642EDD373BD0000E06B010812340020FC
:108210000B340020093400200A340020C46C01080B
:10822000D06D0108E06D010830B587B002AADFF813
:10823000D81ADFF874070068DFF87437C018001D1B
:1082400000F0E2FD029810F00F0F04D10120DFF8DA
:10825000BC1A086026E0029810F00F00012804D133
:108260000220DFF8A81A08601CE0029810F00F0046
:10827000022804D10420DFF8941A086012E0029862
:1082800010F00F00032804D10820DFF8801A0860DE
:1082900008E0029810F00F00042803D11020DFF846
:1082A0006C1A08600298DFF8681A0870DFF8600A34
:1082B0000078010289B24FF4804000F061FD02981D
:1082C00010F00F00DFF84C1A0870DFF8480A007849
:1082D000002808D10120DFF8401A08600120DFF8EB
:1082E000D015086036E0DFF82C0A0078012808D1A4
:1082F0000120DFF8241A08600220DFF8B4150860B6
:1083000028E0DFF8100A0078022808D10120DFF801
:10831000081A08600420DFF8981508601AE0DFF8F2
:10832000F4090078032808D10120DFF8EC1908606F
:108330000820DFF87C1508600CE0DFF8D809007829
:10834000042807D10120DFF8D01908601020DFF8D9
:108350006015086002AADFF8C419DFF84C0600684F
:10836000DFF84C36C018801D00F04EFD0298440026
:10837000E4B2210089B24FF4824000F001FD03AB6A
:1083800002AADFF89C19DFF820060068DFF8205603
:108390004019C01D00F038FD0298DFF81415096877
:1083A000B0FBF1F002900298DFF8581908600398CA
:1083B000DFF870190860029989B244F2031000F0E6
:1083C000DFFC039989B244F2061000F0D9FCDFF813
:1083D000D80500680F3080B2FFF7A2FE04A8009015
:1083E00003AB02AADFF84019DFF8BC050068DFF82C
:1083F000C0554019153000F007FD0298DFF8B014A1
:108400000968B0FBF1F002900398DFF8A414096842
:10841000B0FBF1F003900498DFF894140968B0FB06
:10842000F1F0049002980399081804990818DFF8ED
:10843000D4180968091889B244F2021000F0A0FCAF
:10844000049989B244F2041000F09AFC06A8019045
:1084500005A8009004AB03AADFF8D018DFF84805A0
:108460000068DFF84C554019203000F0CDFC03982F
:108470000299C9B251EA002189B244F2011000F018
:108480007FFC03980499081805990818DFF89418D8
:108490000968091889B244F2051000F071FC0599C9
:1084A00089B244F2071000F06BFC0698C0B2FFF7E7
:1084B0006DFE012002F07BF8E4B254F0010189B2B4
:1084C0004FF4824000F05CFCDFF8440801780902B8
:1084D00051F0EA0189B24FF4804000F051FCDFF81E
:1084E000C80400682930DFF81418086007B030BDF0
:1084F00038700108B033002050680108D86C0108BA
:1085000080B5DFF82C1808600120DFF82818087003
:108510000020DFF8241808700420DFF88C140860AD
:1085200007E0FFF781FEDFF8D4070068DFF8781472
:108530000860DFF874040068DFF8F41709688842FF
:1085400080F0488101F09AF90422DFF8F017DFF893
:1085500058040068DFF85834C01801F047F90028C3
:10856000DFD00422DFF8D817DFF83C040068DFF81A
:108570004034C01801F03AF9002802D1FFF7F4FDA9
:10858000D1E70222B6A1DFF820040068DFF820342A
:10859000C01801F02BF9002802D1FDF7A3FFC2E7B4
:1085A0000322B0A1DFF800040068DFF80434C0182B
:1085B00001F01CF9002802D1FDF7EBFEB3E703221E
:1085C000A9A1DFF8E4030068DFF8E433C01801F084
:1085D0000DF9002802D1FDF703FFA4E70322A3A1B0
:1085E000DFF8C4030068DFF8C833C01801F0FEF8F4
:1085F000002802D1FDF722FF95E703229CA1DFF8B6
:10860000A8030068DFF8A833C01801F0EFF80028CD
:1086100002D1FDF73DFF86E700AADFF82817DFF853
:1086200088030068DFF88833C018801C00F0ECFB7A
:108630000098002800F0CE80DFF86C0300680099F5
:108640000818DFF8B8160860DFF85C030068401D02
:10865000DFF854130860DFF8DC060078002801D04A
:10866000FCF766FDDFF840030068DFF844134018AC
:1086700010F8050C54281BD1CB480068CC49401891
:1086800010F8040C412806D011D3432809D005D393
:10869000442809D00BE0FDF7B7FF44E7FEF72EFCB6
:1086A00041E7FEF7C1FC3EE7FEF789FD3BE73AE70D
:1086B000BD480068BE49401810F8050C4C2825D16B
:1086C000B9480068BA49401810F8040C43280AD089
:1086D00048280BD050280CD052280DD054280ED04A
:1086E00056280FD011E0FFF7AAF81CE7FFF74CF867
:1086F00019E7FFF7C0F816E7FFF762F913E7FFF78E
:108700000FF810E7FFF758F80DE70CE7A6480068E8
:10871000A749401810F8050C522811D1A24800684A
:10872000A349401810F8040C482802D0562803D05A
:1087300005E0FFF7ADF9F6E6FFF775FAF3E6F2E6C6
:10874000994800689A49401810F8050C422813D13E
:10875000FEF798FE944800689549401810F8040CFC
:108760004D2802D0532803D005E0FEF757FDDAE686
:10877000FFF7A0FAD7E6D6E68B4800688C49401888
:1087800010F8050C442811D1874800688849401822
:1087900010F8040C422802D0432803D005E0FEF76D
:1087A0009FFEC0E6FFF726F8BDE6BCE67E480068FF
:1087B0007F49401810F8050C45280BD17A4800680D
:1087C0007B49401810F8040C522802D1FFF714FB23
:1087D000A9E6A8E6DFF860050078002816D0DFF8E3
:1087E0006805007890F0020050F0010080B200901F
:1087F000009989B24FF4844000F0C2FADFF84805CE
:10880000007890F00200DFF840150870DFF83C05B2
:108810000078DFF83C1509780843DFF83815097847
:108820000843DFF8341509780843DFF87413097832
:1088300008435C4909780843002804D001214FF41B
:10884000864000F09DFADFF814050078002804D176
:10885000002144F2084000F093FA002002BD00001D
:1088600043440000434C4E004342540043464700FB
:108870004342470010B582B0040000AADFF8E014BC
:10888000DFF8E00400F0C0FA4FF48052DFF8D414AF
:10889000474801F073FE0098FFF732FE00212000E8
:1088A000C0B200F044FB002016BD00009C6C010823
:1088B000B833002070B586B0040002A8019003A868
:1088C000009004AB05AADFF8A014DFF8A00400F0C4
:1088D0009BFA0020DFF898140880DFF894040188E0
:1088E00044F2103000F04CFA00250DE00021F6B201
:1088F000EDB2E80010F5C240301800F041FA761CE5
:10890000F6B2082EF2DB6D1CEDB2082D01DA00265E
:10891000F6E7002510E04FF6FF71F6B2EDB2032046
:1089200044F2113200FB0520301800F029FA761CC1
:10893000F6B2032EEFDB6D1CEDB2082D01DA002636
:10894000F6E7039803214843042190FBF1F000254A
:108950001CE001005A39EDB2DFF8182422F8351076
:1089600001003C39EDB2DFF80C2412EBC502518056
:10897000EDB2DFF8001411EBC50188800299EDB269
:10898000DFF8F02312EBC502D1806D1CEDB2082D8B
:10899000DFDB00212000C0B200F0C9FA002006B0E1
:1089A00070BD000007340020B4330020C069010806
:1089B000080000200000E040010048430000DC41C6
:1089C0000000104020BCBE4C7CB5040001AB00AAE6
:1089D000DFF8A413DFF8940300F016FA002510E086
:1089E0004FF6FF71F6B2EDB2032044F2113200FBF4
:1089F0000520301800F0C4F9761CF6B2032EEFDB28
:108A00006D1CEDB2082D01DA0026F6E70021019871
:108A1000032244F2113302FB003000F0B1F94FF6AB
:108A2000FF710198032244F2113302FB0030401C15
:108A300000F0A6F900210198032244F2113302FB51
:108A40000030801C00F09CF9019800280CD002280E
:108A50002ED01BD304284FD03CD3062870D05DD332
:108A6000072800F07F808EE00098012806D1C048DA
:108A7000008850F00100BE49088006E0BC4800882C
:108A80004FF6FE710840BA4908807CE00098012842
:108A900006D1B748008850F00200B549088006E0CA
:108AA000B34800884FF6FD710840B14908806AE07C
:108AB0000098012806D1AE48008850F00400AC4967
:108AC000088006E0AA4800884FF6FB710840A849D4
:108AD000088058E00098012806D1A548008850F089
:108AE0000800A349088006E0A14800884FF6F77106
:108AF00008409F49088046E00098012806D19C481C
:108B0000008850F010009A49088006E098480088D4
:108B10004FF6EF7108409649088034E0009801282C
:108B200006D19348008850F020009149088006E063
:108B30008F4800884FF6DF7108408D49088022E099
:108B40000098012806D18A48008850F040008849E2
:108B5000088006E0864800884FF6BF7108408449C7
:108B6000088010E00098012806D18148008850F064
:108B700080007F49088006E07D4800884FF67F71BD
:108B800008407B4908807A48018844F2103000F0A0
:108B9000F7F800212000C0B200F0C9F9002076BD2E
:108BA0000F340020897B2C7DE8A22C40E8A23C40B9
:108BB0000000204170B588B0040004A8029005A808
:108BC000019006A8009007AB03AA6C49674800F023
:108BD0001BF900250DE04FF6FF71032044F211321E
:108BE00000FB0520301800F0CBF8761C032EF2DBDA
:108BF0006D1C082D01DA0026F8E7002103980322F6
:108C000044F2113302FB003000F0BAF84FF6FF7166
:108C10000398032244F2113302FB0030401C00F0A1
:108C2000AFF800210398032244F2113302FB003015
:108C3000801C00F0A5F8069989B20398C00010F5D1
:108C4000C240401C00F09CF803984A4931F83010AB
:108C50000398C00010F5C240801C00F091F8039802
:108C6000444911EBC00041880398C00010F5C24090
:108C7000C01C00F085F8059989B20398C00010F572
:108C8000C240001D00F07CF8049989B20398C0002E
:108C900010F5C240401D00F073F80398354911EB00
:108CA000C00081880398C00010F5C240801D00F00C
:108CB00067F803982F4911EBC000C1880398C000E2
:108CC00010F5C240C01D00F05BF8079989B2039807
:108CD000C00010F5C24000F053F800212000C0B2DF
:108CE00000F025F9002008B070BD00000000204011
:108CF000A85E0108000070420100B442B0330020B9
:108D0000A4700108C033002040700108CC3300205B
:108D10000E34002008340020BC33002050700108BD
:108D2000F86E0108C4330020F06D0108EC6C0108F6
:108D3000AC330020063400200534002058700108B0
:108D400060700108687001081034002009340020A8
:108D50000A3400200B3400200C340020043400209E
:108D60007070010811000020006D0108150000203E
:108D7000F0330020EC300020046F0108F86B01088C
:108D800038B504000D004FF6FF70ADF8000010205C
:108D90008DF8030003208DF8020000A9164801F0A9
:108DA00019FC00224FF48071144801F085FC210069
:108DB00089B2134801F089FC290089B20E4801F0FC
:108DC00084FC012001F0E4FB002240210D4801F069
:108DD00073FC012001F0DCFB01224021094801F075
:108DE0006BFC012001F0D4FB01224FF48071034899
:108DF00001F062FC31BD0000001801400008014094
:108E0000001C0140001001400DB400B582B004A860
:108E100000900A4600AB03A9034878440A3001F0E9
:108E20009FFC06BC5DF810FBC711000010B40022C7
:108E3000002302E01C5CA2185B1C8B42FADB1000D2
:108E4000C0B210BC704770B582B0050000240C3170
:108E5000002604E070194078C0B20419761C8E42D6
:108E6000F8D300AADFF83C197019401CFFF7CCFFBB
:108E7000761C70198078E4B200998C4206D1C0B299
:108E8000032801D1002002E0FF2000E0FF2076BD92
:108E90002DE9FF411C0000275FF000080A9D0B9E92
:108EA0000396C0B2029000200190D2B20092C9B2E3
:108EB0000B000222DFF8F018280000F0E7FC280081
:108EC00002F0B0F9070032002100781901F056FBDA
:108ED000F719791E681CFFF7A9FF804603235FFA84
:108EE00088F84246DFF8C418781900F0CFFCFF1C60
:108EF000380004B0BDE8F08170B504000D00002614
:108F000008E0DFF8AC080078032802D1305D00F0FB
:108F100078FE761CAE4208DADFF894080078012863
:108F2000EFD1305D00F048FDF3E7002070BD3EB5A5
:108F3000040002A800220260C9B20A00DFF8741817
:108F400002A800F0A3FC02A802F06CF90190DFF87F
:108F50006808009002ABA122A2212000C0B2FFF756
:108F600097FF040000250AE0DFF844080078032892
:108F700004D1DFF84408285C00F043FE6D1CA542D4
:108F80000ADADFF82C0800780128EDD1DFF828088C
:108F9000285C00F011FDF1E700203EBD38B504006B
:108FA000002501F00EFBE4B22000102800F0D9806B
:108FB000112800F0DC80122800F0DF80132800F078
:108FC000E280152800F0E580162800F0E8801728D8
:108FD00000F0EB80212800F0EE80242800F0F180E2
:108FE000252800F0F480292800F0F7802A2800F0D6
:108FF000FA802B2800F0FD802C2800F000812D281D
:1090000000F00381342800F00681352800F0098142
:10901000372800F00D813A2800F010813B2800F03D
:10902000F4803D2800F010813E2800F01381412893
:1090300000F01681422800F01981502800F01C81B0
:10904000512800F01F81522800F02281532800F09F
:109050002581542800F02881552800F02B815628BE
:1090600000F02E81572800F03181582800F034811B
:10907000592800F037815A2800F03A81A02800F0E2
:109080003D81A42800F03A81A52800F03781A62868
:1090900000F03481A82800F03781A92800F03A8137
:1090A000AA2800F03D81AB2800F04081AC2800F0F8
:1090B0004381AD2800F04681AE2800F04981AF28F9
:1090C00000F04C81B02800F04F81B12800F05281AF
:1090D000B22800F05581B32800F05881B52800F07F
:1090E0005B81B62800F05E81B72800F06181B82866
:1090F00000F06481BA2800F06781BB2800F06A8123
:10910000BC2800F06D81BD2800F07081BE2800F001
:109110007381BF2800F07681C02800F07981C128D2
:1091200000F07D81C32800F08081C52800F0838194
:10913000C72800F08681C82800F08981C92800F07E
:109140008C81CD2800F08F81F32800F09281F428E3
:1091500000F08F81FD2800F09281FE2800F09581BB
:1091600099E12000C0B2FFF785FB050098E12000DF
:10917000C0B2FCF72EF9050092E100212000C0B238
:10918000FFF7D5FE8CE12000C0B2FCF705F9050021
:1091900086E12000C0B2FFF78DFB050080E12000D2
:1091A000C0B2FFF711FC05007AE12000C0B2FFF762
:1091B00001FD050074E12000C0B202F095FA05003F
:1091C0006EE12000C0B202F023FC050068E100213E
:1091D0002000C0B2FFF7ABFE62E12000C0B203F096
:1091E00043FC05005CE12000C0B203F0C1FC0500B7
:1091F00056E12000C0B202F064FB050050E12000FF
:10920000C0B203F06FFB05004AE12000C0B203F0DA
:10921000C9FB050044E12000C0B204F04FFA05008C
:109220003EE100212000C0B2FFF781FE050037E1DA
:109230002000C0B203F018FD050031E12000C0B2EB
:1092400003F03CFE05002BE12000C0B204F0A8F9B9
:10925000050025E12000C0B204F0C8F805001FE1B8
:109260002000C0B203F0D3FE050019E12000C0B217
:1092700003F0DEFF050013E12000C0B202F049FA5E
:1092800005000DE12000C0B202F05AFA050007E126
:109290002000C0B202F069FA050001E12000C0B26E
:1092A00002F078FA0500FBE02000C0B202F087FA75
:1092B0000500F5E000212000C0B2FFF738FEEFE026
:1092C0002000C0B202F0A5FA0500E9E02000C0B21B
:1092D00002F07FFB0500E3E02000C0B202F05AFB81
:1092E0000500DDE02000C0B202F0A8FA0500D7E0DA
:1092F0002000C0B202F0B7FA0500D1E02000C0B2F1
:1093000004F00FFF0500CBE02000C0B204F0DEFF48
:109310000500C5E000212000C0B2FFF708FEBFE055
:109320002000C0B205F0E6FB0500B9E02000C0B2A5
:1093300005F04EFC0500B3E02000C0B205F0D2FD00
:109340000500ADE02000C0B202F04EFA0500A7E033
:109350002000C0B206F0A4F90500A1E02000C0B2D0
:1093600002F0EEF905009BE02000C0B202F066FAC0
:10937000050095E02000C0B202F08AFA05008FE0F7
:109380002000C0B206F051FC050089E02000C0B208
:1093900006F0C5FD050083E02000C0B205F0C7FD62
:1093A00005007DE02000C0B206F0DCFD050077E09E
:1093B0002000C0B204F036FF050071E02000C0B20A
:1093C00006F05FFC05006BE02000C0B205F01BF862
:1093D000050065E02000C0B206F06AFC05005FE011
:1093E0002000C0B206F0C3FE050059E02000C0B264
:1093F00006F0BDF8050053E02000C0B204F0F4FE12
:1094000005004DE02000C0B205F038F8050047E047
:1094100000212000C0B2FFF78AFD050040E02000D7
:10942000C0B205F092FB05003AE02000C0B206F0A1
:10943000B4FD050034E02000C0B205F087F8050057
:109440002EE02000C0B204F087FF050028E02000D5
:10945000C0B204F079FF050022E02000C0B204F0A1
:10946000D2FF05001CE02000C0B205F0C3F90500E2
:1094700016E02000C0B205F043FA050010E020001D
:10948000C0B205F065FA05000AE02000C0B205F0A0
:1094900068FA050004E002212000C0B2FFF747FD92
:1094A000280032BDF0B585B000240025002603A8B1
:1094B0000021002206C0083800F05BFA002805D120
:1094C000FF20ADE0EDB2012D00D1641C00F0D6F913
:1094D000EDB2012D13D1B9480088B0F5FA6F03DC65
:1094E00041F6A57084420ADB0020B449088000F0F0
:1094F00088FA09210920FFF71AFDFF2090E000F00B
:1095000038FA0028E2D000F040FA0700AC482754AF
:10951000FFB2022F06D0002C04D1EDB2002D01D1F4
:10952000FF207DE0FFB2022F09D1002C07D1EDB260
:10953000002D04D101250120A049088021E0EDB2D1
:10954000012D1ED10C2C0DD104229E4903A801F03F
:1095500015F800AA9C4903A8FFF756FC0098801C48
:1095600000900EE00D2C06DB0098012803DB00982C
:10957000401E009005E00D2C03DB0098002800D170
:109580000126FFB2032F9DD1F6B2012E9AD1002001
:109590008A4908808A480778FFB2022F01D0FF204D
:1095A0003EE001208249087002AB01AA8749884841
:1095B000FFF72AFC019887490870029886490870CD
:1095C00001AA78498548FFF71FFC019C8148007873
:1095D000A12807D180480078A2280AD07E480078C8
:1095E000A32806D001212000C0B2FFF7A0FC002074
:1095F00016E000AA74497348FFF706FC009970480A
:10960000FFF721FC002806D003212000C0B2FFF79D
:109610008EFCFF2004E02000C0B2FFF7BFFC00205A
:1096200005B0F0BDF0B585B000240025002603A8E4
:109630000021002206C0083800F0C7FA002805D132
:10964000FF20ADE0EDB2012D00D1641C00F016F951
:10965000EDB2012D13D162480088B0F5FA6F03DC3A
:1096600041F6A57084420ADB00205D49088000F0C5
:10967000DAFA09210920FFF75AFCFF2090E000F0F8
:10968000A4FA0028E2D000F0AAFA07004C482754B8
:10969000FFB2022F06D0002C04D1EDB2002D01D173
:1096A000FF207DE0FFB2022F09D1002C07D1EDB2DF
:1096B000002D04D1012501204949088021E0EDB2A7
:1096C000012D1ED10C2C0DD104223E4903A800F01F
:1096D00055FF00AA3C4903A8FFF796FB0098801CA1
:1096E00000900EE00D2C06DB0098012803DB0098AB
:1096F000401E009005E00D2C03DB0098002800D1EF
:109700000126FFB2032F9DD1F6B2012E9AD100207F
:10971000334908802A480778FFB2022F01D0FF2082
:109720003EE003202249087002AB01AA27492848DD
:10973000FFF76AFB01982B49087002982A490870C4
:1097400001AA18492548FFF75FFB019C25480078CE
:10975000A12807D124480078A2280AD022480078FE
:10976000A32806D001212000C0B2FFF7E0FB0020B3
:1097700016E000AA14491348FFF746FB0099104869
:10978000FFF761FB002806D003212000C0B2FFF7DD
:10979000CEFBFF2004E02000C0B2FFF7FFFB00205B
:1097A00005B0F0BDA06F0108386B0108A86F010873
:1097B000FF330020B06F010810200020EA330020A2
:1097C0000800002011000020B86F01082C6E01086D
:1097D00009000020FA330020FB3300200F00002096
:1097E000EC330020FC330020FD3300200300002078
:1097F00013F0030F09D0521E22BF13F8010B11F80A
:1098000001CBB0EB0C00F3D07047121F22BF53F80E
:10981000040B51F804CB6045F7D0121D0AD200BAF0
:109820009CFA8CFCB0EB0C0038BF6FF0000088BFD6
:1098300001207047521E22BF13F8010B11F801CB13
:10984000B0EB0C00F6D0521C08BF1046704710B4A5
:1098500050F8041B81B102681218001D50F8043B37
:10986000DC0744BFA9F10104E31852F8044B43F8A4
:10987000044B091FF9D1EBE710BC70474AF6AA2048
:109880000149086070470000003000400CB41CB56E
:10989000044604A801900A46009401AB00A90748B9
:1098A0007844183006F0C4FC009A0021117000289A
:1098B0005CBF0098001B16BC5DF80CFBC7080000DD
:1098C00000B587B001214FF4804007F075FC4FF4DC
:1098D0000070ADF8000003208DF8020018208DF80C
:1098E000030000A9DFF8700400F074FE4FF48060FC
:1098F000ADF8000004208DF8030000A9DFF858043B
:1099000000F068FE5FF4E13003900020ADF8100035
:109910000020ADF812000020ADF814000020ADF8D2
:1099200018000C20ADF816000020ADF8040000204F
:10993000ADF806004FF40070ADF808000020ADF857
:109940000A0003A9DFF8140407F0ACFC01A9DFF852
:109950000C0407F0F5FC012240F22551DFF8FC036E
:1099600007F00EFD0121DFF8F40307F0FBFC07B060
:1099700000BDDFF8EC030078DFF8E4134978884293
:1099800001D0012000E000207047DFF8D403007808
:10999000DFF8CC1340188078DFF8C4130978491C2D
:1099A000DFF8BC231170C9B2FA2903D30021DFF814
:1099B000B0231170C0B2704710B504008021DFF8E9
:1099C0009C0307F004FD0028F8D0E4B2DFF894030C
:1099D00004804021DFF8840307F0F9FC0028F8D068
:1099E00010BD38B50400002505E0285DFFF7E4FF51
:1099F000FFF744FF6D1C200001F014FC8542F4D3F6
:109A000031BD0020DFF8581308700020DFF8501334
:109A10004870704700B587B001215FF4003007F04F
:109A2000DBFB0420ADF8000003208DF802001820B5
:109A30008DF8030000A9DFF8200300F0CBFD08201B
:109A4000ADF8000004208DF8030000A9DFF808033A
:109A500000F0C0FD5FF4E13003900020ADF810008D
:109A60000020ADF812000020ADF814000020ADF881
:109A700018000C20ADF816000020ADF804000020FE
:109A8000ADF806004FF40070ADF808000020ADF806
:109A90000A0003A9B44807F005FC01A9B24807F081
:109AA0004FFC012240F22551AF4807F069FC01212B
:109AB000AD4807F057FC07B000BDAC480078AB4993
:109AC0004978884201D0012000E000207047A74873
:109AD0000078A64940188078A4490978491CA34A0F
:109AE0001170C9B2FA2902D30021A04A1170C0B284
:109AF000704710B5040080219B4807F068FC0028DF
:109B0000F9D0E4B29A4804804021974807F05FFCFE
:109B10000028F9D010BD0020944908700020934916
:109B20004870704700B587B001215FF4802007F0CE
:109B300053FB4FF48060ADF8000003208DF8020065
:109B400018208DF8030000A98A4800F043FD4FF467
:109B50000060ADF8000004208DF8030000A98548DE
:109B600000F038FD5FF4E13003900020ADF8100004
:109B70000020ADF812000020ADF814000020ADF870
:109B800018000C20ADF816000020ADF804000020ED
:109B9000ADF806004FF40070ADF808000020ADF8F5
:109BA0000A0003A9744807F07DFB01A9724807F079
:109BB000C7FB012240F225516F4807F0E1FB01216C
:109BC0006D4807F0CFFB07B000BD6C4800786B49CB
:109BD0004978884201D0012000E0002070476748A2
:109BE000007866494018807864490978491C634ABE
:109BF0001170C9B2FA2902D30021604A1170C0B2B3
:109C0000704710B5040080215B4807F0E0FB002896
:109C1000F9D0E4B25A4804804021574807F0D7FBF6
:109C20000028F9D010BD0020544908700020534985
:109C30004870704700B587B001215FF4002007F03D
:109C4000CBFA4FF48060ADF8000003208DF80200DD
:109C500018208DF8030000A94A4800F0BBFC4FF41F
:109C60000060ADF8000004208DF8030000A945480D
:109C700000F0B0FC5FF4E13003900020ADF810007C
:109C80000020ADF812000020ADF814000020ADF85F
:109C900018000C20ADF816000020ADF804000020DC
:109CA000ADF806004FF40070ADF808000020ADF8E4
:109CB0000A0003A9344807F0F5FA01A9324807F071
:109CC0003FFB012240F225512F4807F059FB0121AB
:109CD0002D4807F047FB07B000BD2C4800782B4902
:109CE0004978884201D0012000E0002070472748D1
:109CF000007826494018807824490978491C234A6D
:109D00001170C9B2FA2902D30021204A1170C0B2E1
:109D1000704710B5040080211B4807F058FB00284D
:109D2000F9D0E4B21A4804804021174807F04FFBED
:109D30000028F9D010BD38B50400002505E0285DE5
:109D4000FFF7E7FFFFF79AFD6D1C200001F06AFAAC
:109D50008542F4D331BD00000008014000380140C5
:109D6000A82800200438014000440040A429002015
:109D700004440040000C014000480040A02A00209C
:109D80000448004000100140004C00409C2B002083
:109D9000044C00404FF0807C1CEB400F94BF1CEB48
:109DA000410F05E040EA010C5FEA4C0C01D2884209
:109DB000704718BF814270474FF0807C1CEB400F0A
:109DC00094BF1CEB410F05E040EA010C5FEA4C0C2C
:109DD00001D28142704718BF884270475FF0FF0C84
:109DE0001CEAD05114BF614506E0C110400721F0C4
:109DF000E04101F16051704779B900F00041000283
:109E00000AD0B0FA80FC00FA0CF001F16051A1EB2D
:109E10000C5101EBD0214005704741020CBF40F4CA
:109E2000E0016FF000010020704750F8041B61B1A1
:109E300050F8042BD30744BFA9F101039A1800235B
:109E400042F8043B091FFAD1EFE77047B0B581EA49
:109E5000030C0CF0004C40F2FF7515EA11541DBFC5
:109E600015EA1357AC42AF4239E0E41923EA4553EF
:109E700043F48013C90241F0004141EA505EC70239
:109E80001100A7FB020200284FF00000EEFB0120AA
:109E90004FF00001E3FB072118BF42F00102401818
:109EA00000214941E3FB0E01A4F580640F0302D2B7
:109EB00052004041494154F101046CDD470872F100
:109EC000004250F1000051EB0451A1F580115CBF3C
:109ED00041EA0C01B0BD4CEA05510020B0BD05EAD5
:109EE0001357AC4214BFAF4241E050EA410E1CBFD1
:109EF00052EA430E02E061460020B0BD24423C44D9
:109F00001BD15FEA070EF6D0090302BF014600200D
:109F1000AEF1140EB1FA81F7AEEB070401FA07FEB9
:109F20000C37C7F1200100FA07F7C8404EEA000ECF
:109F300023EA455343F48013A2E733F00043B3FA16
:109F400083F704BFB2FA82FE77440B3FE41BB7F1FC
:109F5000200E2FBF02FA0EF3BB40C7F1200E22FAEB
:109F60000EFE38BF43EA0E03BA40641C82E750EA93
:109F7000410E14BF52EA430E6FF000014FF4001778
:109F800017EB430F8ABF194617EB410FB5E74CEAB1
:109F900005510020B0BDD4F10104B4F120070FDA5F
:109FA000C4F12007520828BF42F0010210FA07F559
:109FB00001FA07F7E1BF2A43E0403843E1400FE0F0
:109FC000352C98DCC7F1200452EA400220FA07F24F
:109FD00018BF42F0010231FA07F0A1400A43002104
:109FE00072F1004250F1000051EB0C01B0BD03686A
:109FF0001AB95A1E026008467047197811B94FF015
:10A00000FF307047591C0160187870474FEAF17CA7
:10A01000BCF1E04C2CBFBCF5001F11E05FEA4C0C1A
:10A0200034BFBCF17F5F2EE05FEA9C0C4FEA0C1C52
:10A030004FEA3C0CC10071F100414CEB507070478D
:10A04000C90241EA5051C00218BF41F0010141F07C
:10A0500000414FEA6C50C0F10900212810D240EABB
:10A06000CC7CCCF1200C11FA0CF070F10040CCF15A
:10A07000200C21FA0CF00CF0004C40EB0C00704767
:10A080004FEACC707047490011F5001F04D84FEA21
:10A09000CC10FF30C0057047C817704790EA010F19
:10A0A00044BF81F0004107F0D9B900BF431A4FF017
:10A0B00000423EBF5340C01AC91800BFD3095FEA2F
:10A0C000D05C13EB400F34BFB3EB410F40E07CEBAF
:10A0D000D1530CD342EA012122D8D1EB402009D33D
:10A0E000400A28BF5FEA500140EBCC507047401A4D
:10A0F00015D04002B0FA80F2521C9040400A4FEA5C
:10A100003C23B3EB026384BF00EB730007E040F431
:10A1100000001A16DB07C2F10102D0401843704755
:10A12000182BFCDC31FA03F202FA03F3591A38BF98
:10A1300042F00102D2EB40203CBF4000ACF1010CE8
:10A140005FEACC5CC20572F100414CEB50207047D5
:10A1500013EB400F0FD24B0009D0ACEBD153022BC5
:10A1600003DB4902172BDDDD70479143401A4300A2
:10A17000D5D10020704713EB410FD0D36FF0000012
:10A1800070470268531C036011707047F0B540F2CD
:10A19000FF7581EA030C0CF0004C15EA11541DBF49
:10A1A00015EA1357AC42AF42E5E0BC41C1F31301DD
:10A1B000C3F31303801A994143F4801304D2641E3D
:10A1C0004000494180185941C90241EA5051B1FB50
:10A1D000F3F603FB1611A2FB0675D7EBC020A941CD
:10A1E00002D2761E80185941C90241EA5051B1FB92
:10A1F000F3FE03FB1E11A2FB0E75D7EBC020A94195
:10A2000003D2AEF1010E80185941890241EA905102
:10A21000760546EA8E2EB1FBF3F603FB1611A2FB80
:10A220000675D7EB8020A94102D2761E80185941CD
:10A23000C90241EA50514EEA060EB1FBF3F603FBA8
:10A240001611A2FB0675D7EBC020A94102D2761EDB
:10A2500080185941C90241EA5051B1FBF3F703FBA1
:10A260001711A2FB0735D3EBC020A94167F1000706
:10A270000CBF004247F0010766F3D5274FEA1E31B5
:10A28000B80814F5806412DDBD0775F1004250EB8B
:10A290000E5051EB045111F5801F5CBF41EA0C01D7
:10A2A000F0BD4CF07F6141F0E0410020F0BDBD0702
:10A2B0006D0840EA0E5041F48011D4F10104B4F16C
:10A2C00020060ADAC4F120060200E04001FA06F393
:10A2D000E1401843B24015430EE0342C13DCC6F1C4
:10A2E000200445EA40056D0820FA06F2154321FADC
:10A2F00006F0A1400D43002175F1004250F100002D
:10A3000051EB0C01F0BD00205FEA0C01F0BDCFB9AC
:10A3100092185B41B3FA83F704BFB2FA82F6BF1911
:10A320000B3FB7F120062FBF02FA06F3BB40C7F17F
:10A33000200622FA06F638BF3343BA401CB1E419AE
:10A34000641E33E77F4231F00041B1FA81F404BF6B
:10A35000B0FA80F6A4190B3CB4F120062FBF00FA26
:10A3600006F1A140C4F1200620FA06F638BF3143B9
:10A37000A0403C1B1AE7AC421ABF05EA1357AF4294
:10A3800012E050EA41061CBF52EA4306BFE750EA1A
:10A390004107304661461CBF41EA0551F0BD52EA13
:10A3A000430C08BFC143F0BD00204FF4001616EB6C
:10A3B000410F98BF16EB430F08BF16EB410F24BFA8
:10A3C000C14305E016EB430F0CBF61464CEA055153
:10A3D000F0BD0000002840F10980F446404200F042
:10A3E00005F850F000406047002800BF0AD0B0FADE
:10A3F00080F18840D1F19D01C905020672F1004249
:10A4000041EB102070470000F446400D40EAC120A7
:10A41000490006D200F014F8004248BF6FF0004037
:10A42000604700F00DF84FF0004188428CBF0846AD
:10A4300040426047400D40EAC120490080F00D8055
:10A4400040F00040490DA1F58061491C05D4D1F1CF
:10A450001F0154BFC840C01770474FF0000070473D
:10A46000FF2212EAD05C1DBF12EAD15394459342F9
:10A470002BE09C44D30780EA01021A4043EA002003
:10A4800043EA0121A1FB0030410038BF40007CF1CC
:10A490007F010BDBFE294ADA5B0842EAC15153EA2D
:10A4A000006373F1004C51EB10207047D1F1080CA0
:10A4B000DCF120012FDB5B0810FA01F10B4373F193
:10A4C000004120FA0CF05041704794451CBF02EA4D
:10A4D000D153934280EA010202F000421DD04000B5
:10A4E00019D0490017D05BB9634514D00902B1FAFD
:10A4F00081F39940BCEB030CC00140F00040C1E780
:10A500000002B0FA80FC10FA0CF0B3EB0C0CC9019D
:10A5100041F00041B6E71000704740000AD0490002
:10A5200008D010F1807F94BF11F1807F02E042F0EB
:10A53000FF407047D04370474100090E7F3915D462
:10A54000D1F11F0114D4400007D2C00140F00040F7
:10A55000C84048BF6FF000407047C00140F0004065
:10A56000C8404CBF4FF00040404270470020704749
:10A5700000424FF0004058BFC043704710B504463A
:10A5800006F0A6FF204610BD0022002107F080B88B
:10A5900010B5040004E000BF401C0328FBDB641E70
:10A5A000002C03D0FFF76AF90020F6E710BD80B554
:10A5B00006490860FFF762F9044800680028F9D1ED
:10A5C00001BD002002490860704700006833002088
:10A5D00074330020F0B4002200260024002500235C
:10A5E000002791F803C01CF00F0C624691F803C0DD
:10A5F0005FEACC6C01D58B781A430B781B0621D00F
:10A600000368002406E0CD78482D02D10125A5403D
:10A610000561641C082C14D20125A5400E882E402B
:10A62000AE42F6D1A5000F2616FA05F7BB4312FA83
:10A6300005F52B43CD78282DE5D10125A5404561B1
:10A64000E7E703600B88FF2B26DD4368002420E04A
:10A65000012514F10806B5400E882E40AE4217D1F0
:10A66000A5000F2616FA05F7BB4312FA05F52B4392
:10A67000CD78282D04D1012514F10806B540456197
:10A68000CD78482D04D1012514F10806B5400561A7
:10A69000641C082CDCD34360F0BC70470022806847
:10A6A00089B2084201D0012200E000221000C0B2AD
:10A6B0007047C06880B27047D2B2002A02D089B217
:10A6C000016101E089B24161704789B2C1607047A0
:10A6D00010B400220F2311F00304E4B2A400A3403D
:10A6E0001A00C9B28B100E4C54F8233033EA020220
:10A6F000C9B28B100A4C44F82320C9B28A10084B07
:10A7000053F82220C0B211F00303DBB29B00984043
:10A710001043C9B28910024A42F8210010BC7047A8
:10A7200008000140034608460169491E0161C268EC
:10A73000521C0029C26003D401220068002118477E
:10A740004FF0FF307047034608461146C268521E5C
:10A7500011F1010FC26002D0002200681847704753
:10A760002DE9F04788B0044600914FF0FF35186896
:10A7700001902E460020039002920FF6A0270FF6BC
:10A7800094286FF0004902E00298401C0290DDF826
:10A7900008A09AF80000A0F10903052B09D320288E
:10A7A00007D0F0B9002EB8BF0026304608B0BDE88B
:10A7B000F0870398401C0390012200980021A047D5
:10A7C000A0F109010529F4D32028F2D00399491EEC
:10A7D00010F1010F0391D7D0014600980022A04745
:10A7E000D2E7252809D10AF10100029001782A292F
:10A7F00006BF401C0290002110E00398401C03900B
:10A80000012200980021A0479AF800108842BBD08E
:10A81000024600A92046FFF796FFC3E700208DF807
:10A820001C1005900AE00599494505D001EB81030C
:10A8300002EB430130390591401C029002980278E6
:10A84000A2F130010A29EED306950178404606F0C0
:10A8500021FF00281DBF029810F8011B0290002163
:10A860008DF81D109DF81D00682801BF02990A7817
:10A87000682A622006D06C2802BF029908786C28EA
:10A8800004D171208DF81D00481C029002980178B7
:10A89000384606F0FFFEB0B90398401C0390012231
:10A8A00000980021A047A0F109010529F4D3202830
:10A8B000F2D00399491E10F1010F039103D0014614
:10A8C00000980022A04700A9204600F010F80128B7
:10A8D00003DA002E3FF56AAF67E7002E48BF002677
:10A8E0009DF81E0000283FF44FAF761C4CE770B572
:10A8F00005460C460020A077A0680078253858D07F
:10A900001C3823D0001F022820D913381AD0C01EAB
:10A9100066D0801F1AD0801E12D0401E12D0401E5A
:10A92000022813D9001F0DD0401F13D0401E01284C
:10A9300008D9001F3BD0801E04D0C01E02D055E0B5
:10A9400000224FE02846BDE870403BE12846BDE8C4
:10A95000704030E2207F002835D1607F622808D027
:10A96000682816D06A280BD06C2819D0712807D017
:10A9700016E06068011D61600068E168017022E016
:10A980006268101D60601268E068C117C2E90001CA
:10A9900019E06068011D61600068E168018012E0F3
:10A9A0006068011D61600068E16801600BE00122E0
:10A9B00018E00122E068401CE06000212068A84700
:10A9C0000646252E01D1012070BD3246214628467B
:10A9D000FFF7B9FE16F1010F08D14FF0FF3070BD3F
:10A9E0004FF0FF322846BDE8704021E0002070BDE6
:10A9F000C9B207E003789942A4BF83788B4213DA87
:10AA0000C01CD21E032A0AD343782D2BF2D010F893
:10AA1000013B8B4218BF521EF4D105E0521E2AB1F1
:10AA200010F8013B8B42F9D101207047002070479C
:10AA30002DE9F04F17460024002583B082460E46CC
:10AA4000002F29D5B068401CB06000785E2806D180
:10AA5000B068401CB060401E0078019000E0019496
:10AA6000B06801785D2908BF401C5D2106F012FE28
:10AA7000002800F09E80D6F80880A0EB0801009125
:10AA8000B0600098032807DB821E2D2108F1010029
:10AA900006F00CFE00B101247069012804DA002FD1
:10AAA00014BF6FF0004001203061307F68B97068DA
:10AAB000011D7160D0F8009007E009F801BB01208A
:10AAC000B077B069401EB06102253069401E306128
:10AAD000F168491C0028F16010D40122306800217F
:10AAE000D04783461BF1010F4DD0012F09DBABF19D
:10AAF0000900052847D3BBF1200F1CE04FF0FF3BB6
:10AB000041E0002F38D50198002C0CD10028009A84
:10AB10005946404603D106F0C9FDA0B32CE006F02B
:10AB2000C5FD80BB28E0009A002806D15946404662
:10AB3000FFF75EFF00281FD125E05FFA8BF041464A
:10AB400007E00B789842A4BF8B7883421BDAC91CBC
:10AB5000D21E032A0ED34B782D2BF2D011F8013BD5
:10AB6000834218BF521EF4D10DE011F8013B83421D
:10AB700009D0521E002AF8D1307F0028A4D1B06934
:10AB800000289AD101255A4631465046FFF7DBFD91
:10AB90000FB1022D09D0022D10D0E80702D41BF10D
:10ABA000010F06D14FF0FF3009E0307F30B9B069B6
:10ABB00008B9002003E0002089F80000012003B05C
:10ABC000BDE8F08F2DE9F0430C4689B080466069FE
:10ABD0000128B8BF6FF0004020610DF10009404628
:10ABE000FFF7A0FD05462B2D18BF2D2D08D18DF8A0
:10ABF00000500DF1010921464046FFF793FD05463F
:10AC0000A06800780027642814BF75280A260DD094
:10AC1000692808BF002609D06F2808BF082605D07C
:10AC200070281ABF40F0200078281026302D19D146
:10AC3000012721464046FFF775FD054645F02000F7
:10AC4000C0B278280BD1002E18BF102E13D11026B9
:10AC500021464046FFF766FD054600270BE056B942
:10AC6000082608E006BB0A261EE001222068002113
:10AC7000C04705460127302D0BD12069411E2161B7
:10AC8000E068401C0029E060EFD54FF0FF35012758
:10AC900000E04FB1302009F8010B05E020680122E7
:10ACA0000021C0470546012715F1010F23D0E9B265
:10ACB0006129A8BF573909DA4129A8BF373905DA10
:10ACC000A1F130020A2A34BF3039FF21C9B2F0B2F3
:10ACD000814210D20DF11F00814538BF09F8015B98
:10ACE0002069411E2161E068401C0029E060D5D543
:10ACF0004FF0FF3501272A4621464046FFF723FD46
:10AD000047B900A881450ABF15F1010F00204FF097
:10AD1000FF304DE0002089F80000207F002846D158
:10AD2000A0680078642818BF692807D1324600213E
:10AD300000A806F036FD0122A2770AE03246002183
:10AD400000A806F0E1FD0122A277A2681278702A1D
:10AD500028D0627F622A0CD0682A17D06A2A0ED0C7
:10AD60006C2A19D0712A0AD0742A18BF7A2A13D0F3
:10AD700018E06268131D63601168087017E062686C
:10AD8000131D63601268C2E9000110E06268131DC0
:10AD90006360116808800AE06268131D63601168CF
:10ADA000086004E06268131D636011680860012098
:10ADB00009B0BDE8F0832DE9F04F0C4693B0814611
:10ADC00060690128B8BF6FF0004020610DF1080AEA
:10ADD0004846FFF7A7FC074600252B2F18BF2D2F4D
:10ADE00008D18DF808700DF1090A21464846FFF791
:10ADF00099FC074600264FF00A08302F18D121464B
:10AE00004846FFF78FFC074647F02000C0B278287D
:10AE100040F0CF8030200AF8010B214678200AF854
:10AE2000010B4846FFF77EFC07464FF01008C1E0D3
:10AE300047F02000C0B26E285BD10AF8010BA8468B
:10AE400021464846FFF76EFC074647F02000C0B297
:10AE5000612840F0A6810AF8010B21464846FFF719
:10AE600061FC074647F02000C0B26E2840F099818F
:10AE700021464846FFF756FC0246282A19D02146AB
:10AE80004846FFF760FC6E200AF8010B00208AF8A4
:10AE90000000207F002840F0B981B8F10B0F80F24C
:10AEA00091812A46002102A806F0FCFDCDE90001AF
:10AEB00093E12069401E2061E168491C0028E1609F
:10AEC00004D4012220680021C84701E04FF0FF3080
:10AED000A0F1610107461A2921BFA0F141011A29F9
:10AEE00030380A28E5D35F2FE3D0292F40F059816D
:10AEF000C9E7692870D10AF8010BA84621464846DF
:10AF0000FFF710FC074647F02000C0B26E2840F063
:10AF100048810AF8010B21464846FFF703FC074623
:10AF200047F02000C0B2662840F03B8121464846E9
:10AF3000FFF7F8FB40F02001C9B2692906D00246AC
:10AF400021464846FFF7FFFB66209DE7214648461D
:10AF5000FFF7E8FB074647F02000C0B26E2840F03C
:10AF6000208121464846FFF7DDFB074647F02000D9
:10AF7000C0B2692840F0158121464846FFF7D2FB50
:10AF8000074647F02000C0B2742840F00A812146ED
:10AF90004846FFF7C7FB074647F02000C0B27928B4
:10AFA00040F0FF8066206FE7206801220021C8473B
:10AFB00007460126302F0BD12069411E2161E06830
:10AFC000401C0029E060EFD54FF0FF37012600E07C
:10AFD00016B130200AF8010BAB4605E001222068CB
:10AFE0000021C8470746012617F1010F2FD0F8B2FC
:10AFF0006128A8BF573809DA4128A8BF373805DAD1
:10B00000A0F130010A2934BF3038FF20C0B24045DA
:10B0100013D2BBF1240FBABF0AF8017B0BF1010B6D
:10B020006D1C2069411E2161E068401C0029E06020
:10B03000D4D54FF0FF37012609E02E2F07D12E205F
:10B040000AF8010B21464846FFF76CFB0746BBF1A7
:10B05000000F21D105E0012220680021C8470746E2
:10B060000126302F0BD12069411E21616D1EE06841
:10B07000401C0029E060EED54FF0FF370126002D7F
:10B080000AD530200AF8010B6D1C05E0012220686A
:10B090000021C8470746012617F1010F24D0F8B256
:10B0A0006128A8BF573809DA4128A8BF373805DA20
:10B0B000A0F130010A2934BF3038FF20C0B240452A
:10B0C00012D2BBF1240FBCBF0AF8017B0BF1010BBC
:10B0D0002069411E2161E068401C0029E060D5D54F
:10B0E0004FF0FF37012601E0002E5AD0B8F10A0FC9
:10B0F00002BF47F02001C9B2652907D0B8F10A0F95
:10B100004FD047F02000C0B270284AD10AF8017B26
:10B1100021464846FFF706FB07462B2F18BF2D2F69
:10B1200006D10AF8017B21464846FFF7FBFA07469D
:10B13000002605E0206801220021C84707460126B5
:10B14000302F0BD12069411E2161E068401C00298D
:10B15000E060EFD54FF0FF37012600E016B1302058
:10B160000AF8010B4FF0000B02E04FF0FF37012609
:10B17000A7F130000A2814D2BBF1080FBCBF0AF8AF
:10B18000017B0BF1010B2069411E2161E068401C2D
:10B190000029E060E9D4012220680021C847074661
:10B1A000E5E73A4621464846FFF7CDFA002E7FF400
:10B1B0006DAE02A882450ABF17F1010F00204FF0C3
:10B1C000FF3024E00022002102A806F06BFCCDE94C
:10B1D0000001A90000A806F067FC0120A077607FAD
:10B1E0006C2818BF4C2808D16068011D6160DDE93A
:10B1F00000230068C0E9002308E06568281D60603E
:10B20000DDE90001FEF702FF29680860012013B0A4
:10B21000BDE8F08F686A6C747A4C000063436E5B23
:10B220000000000000F10103810704D010F8011BA9
:10B2300089B18107FAD10268B2F10131914311F06D
:10B24000803F04BF50F8042FF6E710F8011B11B13E
:10B2500010F8011BFBE7C01A70470000704780B56B
:10B26000C0B2012807D101224FF40051DFF8900944
:10B27000FFF722FA06E000224FF40051DFF88009C0
:10B28000FFF71AFA01BD80B5C0B2002806D0022827
:10B290000CD007D3042819D010D31EE00020FFF7EC
:10B2A000DEFF1AE00120FFF7DAFF16E000210020A0
:10B2B000FFF7D4FF0120FFF7D2FF0EE000210120AD
:10B2C000FFF7CCFF0120FFF7CAFF06E000210220B4
:10B2D000FFF7C4FF0120FFF7C2FF01BD10B5040056
:10B2E00000220421DFF81C09FFF7E6F900220821FB
:10B2F000DFF81009FFF7E0F9E4B2012C04D01DD308
:10B30000032C0FD007D319E001220421DFF8F40841
:10B31000FFF7D2F912E001220821DFF8E808FFF771
:10B32000CBF90BE001220421DFF8D808FFF7C4F9BC
:10B3300001220821DFF8CC08FFF7BEF910BD7047E5
:10B3400080B5C0B2012807D101224FF48051DFF847
:10B35000B008FFF7B1F906E000224FF48051DFF8A2
:10B36000A008FFF7A9F901BD10B5040000221021C3
:10B37000DFF89008FFF7A0F900228021DFF88408A9
:10B38000FFF79AF9E4B2012C04D01DD3032C0FD09F
:10B3900007D319E001228021DFF86808FFF78CF954
:10B3A00012E001221021DFF85C08FFF785F90BE0BD
:10B3B00001221021DFF84C08FFF77EF901228021DD
:10B3C000DFF84008FFF778F910BD80B5C0B201285A
:10B3D0000ED101224FF40071DFF82408FFF76CF959
:10B3E00001224FF48061DFF81808FFF765F90DE0DE
:10B3F00000224FF40071DFF80808FFF75DF9002222
:10B400004FF48061DFF8F807FFF756F901BD704788
:10B4100080B5C0B201280CD101220121DFF8E0077C
:10B42000FFF74AF901220221DFF8D407FFF744F9B8
:10B430000BE000220121DFF8C807FFF73DF90022E9
:10B440000221DFF8BC07FFF737F901BD10B5040092
:10B4500000220821DFF8A807FFF72EF900220421B7
:10B46000DFF89C07FFF728F9E4B2012C04D01DD3C4
:10B47000032C0FD007D319E001220821DFF8800741
:10B48000FFF71AF912E001220421DFF87407FFF731
:10B4900013F90BE001220821DFF86407FFF70CF92C
:10B4A00001220421DFF85807FFF706F910BD80B527
:10B4B000C0B2012806D100228021DFF84407FFF73F
:10B4C000FBF805E001228021DFF83407FFF7F4F8EC
:10B4D00001BD80B5C0B2012806D100224021DFF8AD
:10B4E0002007FFF7E9F805E001224021DFF8100707
:10B4F000FFF7E2F801BD10B5040000222021DFF8BB
:10B500000007FFF7D9F800221021DFF8F406FFF753
:10B51000D3F8E4B2012C05D101221021DFF8E006B6
:10B52000FFF7CAF810BD704780B5C0B2012807D137
:10B5300001224FF40071DFF8CC06FFF7BDF806E0FA
:10B5400000224FF40071DFF8BC06FFF7B5F801BD2B
:10B5500080B5C0B2012807D101224FF48071DFF815
:10B56000A406FFF7A9F806E000224FF48071DFF887
:10B570009406FFF7A1F801BD704780B5C0B201285D
:10B5800007D101224FF48071DFF87406FFF794F8B9
:10B5900006E000224FF48071DFF86406FFF78CF8B4
:10B5A00001BD10B50C00C0B2012802D0052809D099
:10B5B00010E02000C0B2FFF77AFF2000C0B2FFF712
:10B5C00004FF07E02000C0B2FFF783FF2000C0B2F5
:10B5D000FFF71EFF10BD10B55FF0FF34DFF828063F
:10B5E000C06B002806D0022816D003D3042846D00A
:10B5F00034D364E04FF40061DFF81006FFF74EF833
:10B60000002808D14FF48051DFF80006FFF746F814
:10B61000002800D1002452E04FF40061DFF8EC056F
:10B62000FFF73CF8002818D14FF48051DFF8DC0513
:10B63000FFF734F8002810D14FF40051DFF8CC05A3
:10B64000FFF72CF8002808D14FF48041DFF8BC0543
:10B65000FFF724F8002800D1002430E08021DFF833
:10B66000AC05FFF71BF8002808D14FF48071DFF814
:10B670009C05FFF713F8002800D100241FE080216B
:10B68000DFF88805FFF70AF8002818D14FF4807119
:10B69000DFF87805FFF702F8002810D14FF40071A9
:10B6A000DFF86805FEF7FAFF002808D14FF4806143
:10B6B000DFF85805FEF7F2FF002800D10024DFF87C
:10B6C0004805806D002801D1002000E0200010BD59
:10B6D000002080B2800810F001007047002080B286
:10B6E000C00810F00100704710B582B0040000AA35
:10B6F000DFF81C15DFF81C05FDF786FB0098C0B2CB
:10B70000FFF7C1FD00212000C0B2FDF710FC0020B2
:10B7100016BD1CB5040000AB01AADFF8FC14DFF86D
:10B72000F404FDF771FB0199C9B20098C0B2FFF7AC
:10B7300095FD00212000C0B2FDF7F9FB002016BDE9
:10B7400010B582B0040000AADFF8C414DFF8C40406
:10B75000FDF75AFB0098C0B2FFF7E6FE002120007B
:10B76000C0B2FDF7E4FB002016BD10B582B00400A6
:10B7700000AADFF89C14DFF89C04FDF745FB009855
:10B78000C0B2FFF7DCFD00212000C0B2FDF7CFFB07
:10B79000002016BD10B582B0040000AADFF87014B6
:10B7A000DFF87004FDF730FB0098C0B2FFF796FD9C
:10B7B00000212000C0B2FDF7BAFB002016BD10B575
:10B7C00082B0040000AADFF84814DFF84804FDF74F
:10B7D0001BFB0098C0B2FFF781FD00212000C0B222
:10B7E000FDF7A5FB002016BD10B582B0040000AA2D
:10B7F000DFF81C14DFF81C04FDF706FB0098C0B24C
:10B80000FFF79EFD00212000C0B2FDF790FB002055
:10B8100016BD10B582B0040000AADFF8F413DFF8FB
:10B82000F403FDF7F1FA0098C0B2FFF79DFD002187
:10B830002000C0B2FDF77BFB002016BD10B582B022
:10B84000040000AADFF8C813DFF8C803FDF7DCFA2C
:10B850000098C0B2FFF77CFE00212000C0B2FDF7C7
:10B8600066FB002016BD10B582B0040000AADFF808
:10B87000A013DFF8A003FDF7C7FA0098C0B2FFF7E6
:10B880007BFE00212000C0B2FDF751FB002016BD59
:10B8900010B582B0040000AADFF87413DFF8740357
:10B8A000FDF7B2FA0099C9B2DFF85C03406BC0B291
:10B8B000FFF777FE00212000C0B2FDF738FB002023
:10B8C00016BD7CB5040000260025FFF784FE0500A8
:10B8D0006D0015F0FE05FFF7FBFE0543CA48406BFF
:10B8E000012802D0052820D03AE0C748C06B0028C4
:10B8F00003D0C548C06B012808D10320054201D1FF
:10B90000002600E0042615F003050DE0BE48C06BDC
:10B91000022808D10720054201D1002600E00426B4
:10B9200015F0070500E004261AE0B748C06B0328AD
:10B9300008D10320054201D1002600E0042615F0BD
:10B9400003050DE0B048C06B042808D1072005426C
:10B9500001D1002600E0042615F0070500E00426CA
:10B96000EDB22B003200AD49AD48FDF78FFFAC487A
:10B97000FFF758FC0190AB480090A94BA122A221EF
:10B980002000C0B2FDF784FA0100A648FDF7B4FA22
:10B99000002076BD1CB50400FFF79AFEC0B210F07F
:10B9A00001030022A0499E48FDF770FF9C48FFF765
:10B9B00039FC01909B480090994BA122A2212000C4
:10B9C000C0B2FDF765FA01009648FDF795FA002030
:10B9D00016BD1CB50400FFF781FEC0B210F00103D4
:10B9E000002291498E48FDF751FF8D48FFF71AFC60
:10B9F00001908C4800908A4BA122A2212000C0B265
:10BA0000FDF746FA01008748FDF776FA002016BDDB
:10BA1000F0B585B00400002600270020ADF8100026
:10BA20000020ADF81200002540F6980200217C4865
:10BA300006F0C0F87448C06B002803D002281DD05F
:10BA40000ED31CE07048806B002801D1052606E06B
:10BA50006D48806B012801D1092600E011260EE017
:10BA60006948806B002801D1212606E06648806B7A
:10BA7000012801D1412600E0812600E083268DF8CF
:10BA80001060192000F0D8FA0121019104A9009159
:10BA900000230022A62100F057FE002800D504252F
:10BAA0000520FEF784FD002719E0192000F0C4FAF4
:10BAB000012101910DF1120100910023FFB23A0022
:10BAC00092B2A62100F09EFE9DF81200FFB25449EA
:10BAD000791881F832000120FEF769FD7F1CFFB262
:10BAE000052FE2DB00208DF81000192000F0A4FAE9
:10BAF0000121019104A9009100230022A62100F058
:10BB000023FE002800D50425454890F8320001287E
:10BB100001D1002505E0424890F83200002800D10C
:10BB200004253F4890F8360003903D4890F83500D2
:10BB300002903B4890F834000190394890F8330067
:10BB40000090374890F832302A0038493448FDF7E1
:10BB50009DFE3348FFF766FB019032480090304B62
:10BB6000A122A2212000C0B2FDF792F901002D48C8
:10BB7000FDF7C2F9002005B0F0BD80B5002101201D
:10BB8000FFF70FFD00210520FFF70BFD1E48806C1D
:10BB9000C0B2FFF7A3FB1C48C06CC0B2FFF7ABFC00
:10BBA0001948406CC0B2FFF7D3FC1748006CC0B214
:10BBB000FFF7BAFC1448806BC0B2FFF747FC12488D
:10BBC000006DC0B2FFF7D0FB00210020FFF746FB5D
:10BBD0001748C068C0B2FFF7B2FB0020FFF753FB65
:10BBE000FFF715FC0120FFF7C8FC0020FFF79BFCC6
:10BBF00010480069C0B2FFF7A3FB01BD00000000C0
:10BC00000020014000100140842F0020001401405A
:10BC10001870010815000020A46E0108B06E01081C
:10BC20001020002008000020BC6E0108FC690108FB
:10BC3000B43200209C3100201FB50400B4F5C87F49
:10BC400001DD4FF4C874142C00DA1424DFF8880ADC
:10BC500005F0BAFF0020ADF800004BF6FF70ADF81C
:10BC600002003020ADF804004FF48060ADF806000B
:10BC70004FF48040ADF808004FF47A7000FB04F0F8
:10BC8000039000A9DFF8500A05F0BDFF0121DFF89D
:10BC9000480A06F037F81FBD10B582B00400012134
:10BCA0005FF4001005F098FAC020ADF80000032002
:10BCB0008DF802001C208DF8030000A9DFF8780A37
:10BCC000FEF788FC2000FFF7B7FF13BDF8B50700AB
:10BCD0000D0016001C000121DFF8FC0906F020F819
:10BCE0000020DFF8F8190870DFF8F419DFF8E80928
:10BCF00006F051F800280CD1DFF8E009007803289D
:10BD0000F2DB0121DFF8D00906F018F87FF47A7031
:10BD10008DE000223900C9B2DFF8BC0906F030F826
:10BD20000020DFF8B8190870DFF8B819DFF8A809A3
:10BD300006F031F800280CD1DFF8A00900780328BC
:10BD4000F2DB0121DFF8900905F0F8FFDFF8EC09DC
:10BD50006DE03700B6B2360AEDB2012D1ED13100CA
:10BD6000C9B2DFF8740906F005F80020DFF86C1995
:10BD70000870DFF8CC19DFF8600906F00CF800282D
:10BD80000CD1DFF8580900780328F2DB0121DFF835
:10BD9000480905F0D3FFDFF8AC0948E03900C9B223
:10BDA000DFF8340905F0E6FF0020DFF830190870ED
:10BDB000DFF88C19DFF8200905F0EDFF00280CD121
:10BDC000DFF8180900780328F2DB0121DFF8080901
:10BDD00005F0B4FFDFF86C0929E00026069D00E0BD
:10BDE000761CAE421DD2315DDFF8EC0805F0C2FFD3
:10BDF0000020DFF8E8180870DFF84419DFF8D808E9
:10BE000005F0C9FF0028EBD1DFF8D008007803283F
:10BE1000F2DB0121DFF8C00805F090FFDFF8D80958
:10BE200005E00121DFF8B00805F088FF0020F2BD31
:10BE30002DE9F04105000E0017001C000121DFF87C
:10BE4000980805F06DFF0020DFF890180870DFF803
:10BE50009018DFF8840805F09EFF00280CD1DFF869
:10BE60007C0800780328F2DB0121DFF86C0805F07C
:10BE700065FFDFF88809DBE000222900C9B2DFF89E
:10BE8000580805F07DFF0020DFF850180870DFF833
:10BE90005418DFF8440805F07EFF00280CD1DFF8C5
:10BEA0003C0800780328F2DB0121DFF82C0805F0BC
:10BEB00045FFDFF84C09BBE0B846BFB23F0AF6B217
:10BEC000012E1ED13900C9B2DFF80C0805F052FF6F
:10BED0000020DFF808180870DFF86418DFF8F807AA
:10BEE00005F059FF00280CD1DFF8F007007803288F
:10BEF000F2DB0121DFF8E00705F020FF7FF47D7021
:10BF000096E04146C9B2DFF8D00705F033FF0020C4
:10BF1000DFF8C8170870DFF82818DFF8BC0705F04D
:10BF20003AFF00280CD1DFF8B40700780328F2DBD1
:10BF30000121DFF8A40705F001FF7FF47D7077E0B1
:10BF40000121DFF8940705F0EBFE0020DFF88C17E5
:10BF50000870DFF88C17DFF8800705F01CFF002859
:10BF60000CD1DFF8780700780328F2DB0121DFF835
:10BF7000680705F0E3FEDFF8680959E001222900AF
:10BF8000C9B2DFF8540705F0FBFE0020DFF84C17BC
:10BF90000870DFF8001ADFF8400705F0FCFE002803
:10BFA00048D1DFF8380700780328F2DB0121DFF8F9
:10BFB000280705F0C3FEDFF8E00939E0DFF81807CD
:10BFC00005F0DBFE2070641C6D1E002D2AD0012DB3
:10BFD0000AD10021DFF8000705F0BEFE0121DFF8DD
:10BFE000F80605F0ABFE04E00121DFF8EC0605F0F1
:10BFF000B3FE0020DFF8E4160870DFF8A019DFF8C0
:10C00000D80605F0C8FE0028D8D1DFF8D0060078A1
:10C010000328F2DB0121DFF8C00605F08FFEDFF810
:10C02000800905E00121DFF8B00605F095FE00204B
:10C03000BDE8F081069DC8E75F21192812D032289B
:10C0400012D04B2812D0642812D07D2812D0962806
:10C0500012D0AF2812D0C82812D0E12812D0FA2866
:10C0600012D012E0C32110E05F210EE03C210CE071
:10C070002C210AE0222108E01B2106E0172104E020
:10C08000112102E0102100E00E210800704700217C
:10C0900000E0491C8142FCDB704780B54FF44060F2
:10C0A000ADF8000003208DF8020014208DF8030085
:10C0B00000A9DFF88406FEF78DFA01224FF4006133
:10C0C000DFF87406FEF7F8FA01224FF48061DFF81A
:10C0D0006806FEF7F1FA0520FEF75AFA00224FF43F
:10C0E0000061DFF85406FEF7E7FA0520FEF750FA84
:10C0F00000224FF48061DFF84006FEF7DDFA0520EC
:10C10000FEF746FA002002BD2DE9F04182B006009C
:10C110000F00150000245FF000081DE000224FF41E
:10C120000061DFF81406FEF7C7FA3000FFF7AFFF33
:10C1300001224FF48061DFF80006FEF7BDFA3000FF
:10C14000FFF7A5FF00224FF48061DFF8EC05FEF752
:10C15000B3FA7F0018F10108B8F1080F09DA3806C0
:10C16000DCD501224FF40061DFF8CC05FEF7A4FA1C
:10C17000DBE74FF40060ADF8000004208DF8030009
:10C1800000A9DFF8B405FEF725FA01224FF480611B
:10C19000DFF8A405FEF790FA0120FEF7F9F9EDB2F9
:10C1A000002D18D15FF0000804E00120FEF7F0F93F
:10C1B00018F10108B8F1320F08DA4FF40061DFF826
:10C1C0007805FEF76BFA0028EFD10024B8F12D0FA7
:10C1D00001DB5FF0FF3400224FF48061DFF8580587
:10C1E000FEF76AFA0520FEF7D3F900224FF400614A
:10C1F000DFF84405FEF760FA4FF40060ADF8000088
:10C2000003208DF8020014208DF8030000A9DFF848
:10C210002805FEF7DFF90520FEF7BAF92000BDE892
:10C22000F681F8B505000E004FF40060ADF800008F
:10C2300004208DF8030000A9DFF87C0CFEF7CAF992
:10C2400000271CE001224FF48061DFF86C0CFEF740
:10C2500033FA2800FFF71BFF64004FF40061DFF89A
:10C26000580CFEF71BFA044300224FF48061DFF8FC
:10C27000480CFEF721FA2800FFF709FF7F1C082F62
:10C28000E0DBF6B2002E07D100224FF40061DFF8A8
:10C29000280CFEF711FA06E001224FF40061DFF8E6
:10C2A000180CFEF709FA3220FEF772F94FF400601D
:10C2B000ADF8000003208DF8020014208DF8030073
:10C2C00000A9DFF8F40BFEF785F901224FF4806135
:10C2D000DFF8E40BFEF7F0F93220FEF759F90022FF
:10C2E0004FF48061DFF8D00BFEF7E6F93220FEF75D
:10C2F0004FF900224FF40061DFF8BC0BFEF7DCF9C8
:10C300002000C0B2F2BD80B500224FF40061DFF81A
:10C31000A80BFEF7D1F94FF44060ADF80000032000
:10C320008DF8020014208DF8030000A9DFF8880BB7
:10C33000FEF750F90520FEF72BF901224FF480613A
:10C34000DFF8740BFEF7B8F90520FEF721F901229A
:10C350004FF40061DFF8600BFEF7AEF90520FEF741
:10C3600017F901BDF8B504000D0016001F00FFF716
:10C3700094FE002804D5FFF7C6FF7FF47A7055E0DD
:10C38000002215F0FE012000FFF7BEFE002804D5B4
:10C39000FFF7B9FFDFF8A40348E00120FEF707F933
:10C3A0003500B6B2360A012F0FD100223100C9B2D2
:10C3B0002000FFF7A9FE002804D5FFF7A4FFDFF84F
:10C3C000840333E00120FEF7F2F800222900C9B20D
:10C3D0002000FFF799FE002804D5FFF794FFDFF84F
:10C3E000640323E00120FEF7E2F80027069D079E84
:10C3F0000AE000224FF40061DFF83C03FEF75CF92D
:10C400000120FEF7D4F87F1CB7420CDA795D0022D8
:10C41000C9B22000FFF778FE0028EAD5FFF773FFC6
:10C42000DFF8D40302E0FFF76EFF0020F2BD80B515
:10C430004FF44060ADF8000003208DF80200142096
:10C440008DF8030000A9DFF8E00DFEF7C3F8012224
:10C450004FF40061DFF8D00DFEF72EF901224FF402
:10C460008061DFF8C40DFEF727F90A20FEF790F887
:10C4700000224FF40061DFF8B00DFEF71DF9052032
:10C48000FEF786F800224FF48061DFF89C0DFEF77E
:10C4900013F90520FEF77CF8002002BD80B50122CB
:10C4A0004FF48061DFF8800DFEF706F90520FEF7F6
:10C4B0006FF801224FF40061DFF86C0DFEF7FCF815
:10C4C0000520FEF765F800224FF40061DFF8580DF3
:10C4D000FEF7F2F80520FEF75BF800224FF48061CA
:10C4E000DFF8440DFEF7E8F80520FEF751F80020CC
:10C4F00002BD2DE9F04182B006000F0015000024B6
:10C500005FF000081DE000224FF40061DFF8180D15
:10C51000FEF7D2F83000FFF7BAFD01224FF4806138
:10C52000DFF8040DFEF7C8F83000FFF7B0FD002279
:10C530004FF48061DFF8F00CFEF7BEF87F0018F1D1
:10C540000108B8F1080F09DA3806DCD501224FF4EA
:10C550000061DFF8D40CFEF7AFF8DBE74FF40060C2
:10C56000ADF8000048208DF8030000A9DFF8B80CF2
:10C57000FEF730F80520FEF70BF801224FF480613A
:10C58000DFF8A40CFEF798F80520FEF701F8EDB2ED
:10C59000002D18D15FF0000804E00120FDF7F8FF3E
:10C5A00018F10108B8F1320F08DA4FF40061DFF832
:10C5B000780CFEF773F80028EFD10024B8F12D0FA6
:10C5C00001DB5FF0FF3400224FF48061DFF8580C8C
:10C5D000FEF772F80520FDF7DBFF4FF40060ADF8C1
:10C5E000000003208DF8020014208DF8030000A93C
:10C5F000DFF8340CFDF7EEFF0520FDF7C9FF200042
:10C60000BDE8F681F8B506000C004FF40060ADF807
:10C61000000048208DF8030000A9DFF80C0CFDF79E
:10C62000D9FF00271CE001224FF48061DFF8F80BEE
:10C63000FEF742F83000FFF72AFD6D004FF400616D
:10C64000DFF8E40BFEF72AF8054300224FF480617F
:10C65000DFF8D40BFEF730F83000FFF718FD7F1C31
:10C66000082FE0DB4FF40060ADF8000003208DF8E8
:10C67000020014208DF8030000A9DFF8AC0BFDF7D1
:10C68000A9FFE4B2002C06D101224FF40061DFF8CB
:10C69000980BFEF711F80520FDF77AFF01224FF401
:10C6A0008061DFF8840BFEF707F80520FDF770FFC7
:10C6B00000224FF48061DFF8700BFDF7FDFF0520CD
:10C6C000FDF766FF00224FF40061DFF85C0BFDF719
:10C6D000F3FF2800C0B2F2BD005400400234002035
:10C6E000010003008200070080B50520FDF750FF20
:10C6F00001224FF48061DFF8300BFDF7DDFF0520EC
:10C70000FDF746FF01224FF40061DFF81C0BFDF737
:10C71000D3FF0520FDF73CFF4FF44060ADF800006B
:10C7200003208DF8020048208DF8030000A9DFF8EF
:10C73000F80AFDF74FFF01BD000C014016FCFFFF9A
:10C740008400070015FCFFFFF8B504000D0016007B
:10C750001F00FFF76CFE002804D5FFF7C5FF7FF42C
:10C760007A7048E0002215F0FE012000FFF7C1FEBC
:10C77000002804D5FFF7B8FFDFF8B00A3BE035002A
:10C78000B6B2360A012F0CD100223100C9B2200006
:10C79000FFF7AFFE002804D5FFF7A6FFDFF83C0C3B
:10C7A00029E000222900C9B22000FFF7A2FE0028DC
:10C7B00004D5FFF799FFDFF8240C1CE00027069D45
:10C7C000079E00E07F1CB7420BDA795D0022C9B2F8
:10C7D0002000FFF78EFE0028F4D5FFF785FF0648FE
:10C7E00009E000224FF40061DFF83C0AFDF764FF26
:10C7F000FFF77AFF0020F2BD14FCFFFF0DFCFFFFE6
:10C800000CFCFFFF2DE9F04104000D0016001F0095
:10C81000FFF70DFE002804D5FFF766FF7FF47A705E
:10C8200059E0002215F0FE012000FFF762FE00280B
:10C8300004D5FFF759FFDFF8F4094CE0B046B6B273
:10C84000360A012F0CD100223100C9B22000FFF7B7
:10C8500050FE002804D5FFF747FFDFF8800B3AE0D1
:10C8600000224146C9B22000FFF743FE002804D54C
:10C87000FFF73AFFDFF8640B2DE0FFF70FFE00280B
:10C8800003D5FFF731FF164825E0002255F00101DE
:10C89000C9B22000FFF72DFE00281ED5FFF724FFA8
:10C8A000DFF8880917E00021C9B22000FFF7AAFECF
:10C8B00028706D1C761E002E03D0012EF3D10121AD
:10C8C000F2E700224FF40061DFF85C09FDF7F4FEA7
:10C8D000FFF70AFF0020BDE8F081069D079EEAE70A
:10C8E0000AFCFFFF70B588B0040004A8029005A8F8
:10C8F000019003A8009006AB07AADFF8E41ADFF85E
:10C90000E40AFCF781FA01210398DFF8842C805CAB
:10C91000FEF7A4FCDFF8D00A0068C0B2FEF79FFC67
:10C92000DFF8C40A8068FFF7B7F9002603E00720A4
:10C93000FDF73DFE761C0798864211DA0120009033
:10C94000DFF8500C301810F11803049A92B20599D0
:10C95000C9B20698C0B2FFF7B9F90500002DE6D5B7
:10C960000020FEF77CFC00210398DFF8242C805C7B
:10C97000FEF774FC002D05D504212000C0B2FCF7A1
:10C98000D6FA04E000212000C0B2FCF7D0FA002063
:10C9900008B070BD0200030009FCFFFF4000030067
:10C9A00008FCFFFF30B589B0040005A8029006A876
:10C9B000019003A8009007AB04AADFF8241ADFF85F
:10C9C000240AFCF721FA40F698020021DFF8C80B90
:10C9D00005F0F0F801210398DFF8B42B805CFEF736
:10C9E0003DFCDFF8040A0068C0B2FEF738FCDFF84F
:10C9F000F8098068FFF750F904980090DFF89C3B35
:10CA0000059A92B20699C9B20798C0B2FFF710FA18
:10CA100005000020FEF723FC00210398DFF8702BAF
:10CA2000805CFEF71BFC002D04D53420DFF8681B6A
:10CA3000087003E03020DFF8601B08700498401C89
:10CA40000190DFF8500B0090DFF84C3BA122A221AF
:10CA50002000C0B2FCF71CFA0100DFF8380BFCF72D
:10CA60004BFA002009B030BD30B58DB00400002075
:10CA7000ADF8140006AB07AADFF8341CDFF8640930
:10CA8000FCF7C2F9069800280ED108A8029009A860
:10CA900001900AA8009006AB07AADFF8181CDFF87F
:10CAA0004409FCF7B1F911E00BA804900CA803901D
:10CAB00008A8029009A801900AA8009006AB07AA4E
:10CAC000DFF8F41BDFF81C09FCF79EF90121079839
:10CAD000DFF8BC2A805CFEF7C1FBDFF80C090068B8
:10CAE000C0B2FEF7BCFBDFF800098068FFF7D4F89E
:10CAF000069800280ED108988DF8140001200090A7
:10CB000005AB099A92B200210A98C0B2FFF7DEF88D
:10CB1000050010E00B988DF8140008988DF81500AA
:10CB20000220009005AB099A92B200210A98C0B287
:10CB3000FFF7CCF805001420FDF739FD0020FEF7C3
:10CB40008EFB00210798DFF8482A805CFEF786FB01
:10CB5000002D05D504212000C0B2FCF7E8F904E05F
:10CB600000212000C0B2FCF7E2F900200DB030BD7A
:10CB700030B589B004000020ADF80C00002508A8ED
:10CB8000029004A8019005A8009006AB07AADFF860
:10CB9000241BDFF85008FCF737F940F69802002113
:10CBA000DFF8F40905F006F801210798DFF8E0291D
:10CBB000805CFEF753FBDFF830080068C0B2FEF778
:10CBC0004EFBDFF824088068FFF766F80698002817
:10CBD0000AD10120009003AB049A92B2002105987B
:10CBE000C0B2FFF725F909E00220009003AB049AD8
:10CBF00092B200210598C0B2FFF71AF90020FEF7A3
:10CC00002EFB00210798DFF88829805CFEF726FBC1
:10CC10000698002802D19DF80C5005E09DF80C50B4
:10CC20002D029DF80D0045192B000022DFF8601C35
:10CC3000DFF86409FCF72AFEDFF85C09FEF7F2FA78
:10CC40000190DFF850090090DFF84C39A122A221B1
:10CC50002000C0B2FCF71CF90100DFF83809FCF72E
:10CC60004BF9002009B030BDF0B589B004000020B8
:10CC7000ADF80C000020ADF80E00002707A80290C8
:10CC800008A8019005A8009006AB04AADFF8041CD0
:10CC9000DFF8040CFCF7B8F840F698020021DFF842
:10CCA000F80804F087FF01210798DFF8E428805C8A
:10CCB000FEF7D4FADFF830070068C0B2FEF7CFFA0B
:10CCC000DFF824078068FEF7E7FF089800281AD1EC
:10CCD0000498851F0026AE423BDADFF8B80830180A
:10CCE000C07C8DF80C000120009003AB0598321831
:10CCF00092B200210698C0B2FEF7E8FF0720FDF7C8
:10CD000056FC761CE7E70498801F022190FBF1F5A2
:10CD100000261CE0DFF87C0810EB4600C07C8DF894
:10CD20000C00DFF8700810EB4600007D8DF80D0058
:10CD30000220009003AB0598321892B200210698A9
:10CD4000C0B2FEF7C3FF0720FDF731FC761CAE42F0
:10CD5000E0DB00270898002824D10498851F0026CE
:10CD6000AE425DDADFF82C083018C07C8DF80C007C
:10CD7000012000900DF10E030598321892B20021A7
:10CD80000698C0B2FFF754F89DF80E00DFF80818B7
:10CD900070549DF80C009DF80E10884200D17F1C45
:10CDA000761CDDE70498801F022190FBF1F5002638
:10CDB00034E0DFF8E00710EB4600C07C8DF80C0093
:10CDC000DFF8D00710EB4600007D8DF80D00022043
:10CDD00000900DF10E030598321892B200210698CA
:10CDE000C0B2FFF725F89DF80E00DFF8AC1701F888
:10CDF00016009DF80F00DFF8A01711EB46014870F0
:10CE00009DF80C009DF80E10884206D19DF80D008B
:10CE10009DF80F10884200D17F1C761CAE42C8DB03
:10CE20000020FEF71CFA00210798DFF86427805CD9
:10CE3000FEF714FAAF4207D10022DFF8601ADFF8DC
:10CE4000600AFCF723FD06E00422DFF8501ADFF841
:10CE5000500AFCF71BFDDFF8480AFEF7E3F905006E
:10CE600000260EE0DFF83007325CDFF8381A15EBE9
:10CE70004600DFF82437C01800F24C40FCF706FDEE
:10CE8000761C04988642EDDBDFF8140AFEF7CAF937
:10CE90000190DFF800070090DFF8043AA122A221F8
:10CEA0002000C0B2FBF7F4FF0100DFF8E806FCF752
:10CEB00023F8002009B0F0BD000C014070B58AB025
:10CEC00004000020ADF80C0005A8029004A8019011
:10CED00008A8009006AB07AADFF8CC19DFF8040514
:10CEE000FBF792FF01210598DFF8A426805CFEF78E
:10CEF000B5F9DFF8F4040068C0B2FEF7B0F9DFF866
:10CF0000E8048068FEF7C8FE40F698020021DFF8CA
:10CF1000880604F04FFE0898002815D1049E0025CD
:10CF2000B54232DA0120009003AB06982A1892B27B
:10CF300000210798C0B2FEF77BFF9DF80C00DFF8D8
:10CF4000581668546D1CEBE70498022190FBF1F62B
:10CF5000002518E00220009003AB06982A1892B230
:10CF600000210798C0B2FEF763FF9DF80C00DFF8C0
:10CF7000281601F815009DF80D00DFF81C1611EBBE
:10CF8000450148706D1CB542E4DB0020FEF767F9EF
:10CF900000210598DFF8F825805CFEF75FF9002294
:10CFA000DFF8F818DFF8F808FCF770FCDFF8F00895
:10CFB000FEF738F9060000250EE0DFF8DC052A5CF4
:10CFC000DFF8E01816EB4500DFF8CC35C01800F2AA
:10CFD0004C40FCF75BFC6D1C04988542EDDBDFF8F0
:10CFE000C008FEF71FF90190DFF8A8050090DFF8F0
:10CFF000B038A122A2212000C0B2FBF749FF0100F6
:10D00000DFF89005FBF778FF00200AB070BD2DE92E
:10D01000F0418AB0040000270020ADF80C00002089
:10D02000ADF80E000020ADF816000020ADF8140099
:10D0300008A8029006A8019004A8009007AB09AACE
:10D04000DFF86818DFF85008FBF7DEFE01210898CA
:10D05000DFF83C25805CFEF701F9E3480068C0B2C8
:10D06000FEF7FDF8E0488068FEF716FE0498069982
:10D070000818851C0998401F90FBF5F65FF0000822
:10D0800028E0049805FB0800DFF824184018C07C4D
:10D090008DF81600049805FB0800DFF814184018F6
:10D0A000007D8DF817009DF80C2012029DF80D00F0
:10D0B00082180698401C00900DF1160392B2049954
:10D0C000C9B20798C0B2FEF701FE0A20FDF76FFA59
:10D0D00018F10108B04528DA049800280AD1002088
:10D0E0008DF80C00DFF8C80705FB0800807C8DF880
:10D0F0000D000DE0DFF8B80705FB0800807C8DF817
:10D100000C00DFF8AC0705FB0800C07C8DF80D00B3
:10D1100006980028B5D1049805FB0800DFF89017A1
:10D120004018C07C8DF81600BDE700275FF00008AE
:10D1300022E0049805FB0800DFF874174018C07C53
:10D1400010F03F008DF80E00049805FB0800DFF892
:10D1500060174018007D8DF80F009DF80E009DF8B7
:10D160001410884206D19DF80F009DF815108842D2
:10D1700000D17F1C18F10108B04542DA049800285C
:10D180000AD100208DF80C00DFF8240705FB080009
:10D19000807C8DF80D000DE0DFF8140705FB08001A
:10D1A000807C8DF80C00DFF8080705FB0800C07CC8
:10D1B0008DF80D009DF80C2012029DF80D008218CC
:10D1C0000698401C009005AB92B20499C9B207982A
:10D1D000C0B2FEF72DFE06980028AAD1049805FBE0
:10D1E0000800DFF8CC164018C07C10F03F008DF826
:10D1F0000E009DF80E009DF814108842BAD17F1CD5
:10D20000B8E7301FB84205DA00212000C0B2FBF7B2
:10D210008EFE04E004212000C0B2FBF788FE00204F
:10D220000AB0BDE8F08100000010014016FCFFFFCD
:10D23000F0B589B004000020ADF80C000020ADF876
:10D240000E0006A8029004A8019005A8009008AB63
:10D2500007AADFF85816DFF84006FBF7D5FD40F6C1
:10D2600098020021CC4804F0A5FC01210698C84A88
:10D27000805CFDF7F3FF5C480068C0B2FDF7EFFF8C
:10D2800059488068FEF708FD0598461C0798401F1E
:10D2900090FBF6F700250BE09DF80E00BE4901F863
:10D2A00015009DF80F00BC4911EB450148706D1C3D
:10D2B000BD4235DA059800280AD100208DF80C000F
:10D2C000DFF8EC0506FB0500807C8DF80D000DE015
:10D2D000DFF8DC0506FB0500807C8DF80C00DFF82C
:10D2E000D00506FB0500C07C8DF80D009DF80C20D4
:10D2F00012029DF80D0082180498401C00900DF158
:10D300000E0392B20599C9B20898C0B2FEF790FD1B
:10D3100004980028C0D19DF80E009F496854C6E7C4
:10D320000020FDF79CFF00210698994A805CFDF7DC
:10D3300095FF0022DFF86415DFF86405FCF7A6FA14
:10D34000DFF85C05FDF76EFF060000251AE0049883
:10D35000401C914900FB051043780498401C8E49FD
:10D3600000FB05100278DFF84C150498401C00FB08
:10D3700005F016EB4000884FC01900F24C40FCF756
:10D3800085FA6D1C0798401F85420FDA0498002823
:10D39000DDD181482A5CDFF80C1516EB45007E4B89
:10D3A000C01800F24C40FCF771FAEAE7DFF8F0042D
:10D3B000FDF738FF0190DFF8F8040090DFF8E03463
:10D3C000A122A2212000C0B2FBF762FD0100DFF81C
:10D3D000E004FBF791FD002009B0F0BD15FCFFFF54
:10D3E000686B010815000020B43200202DE9F041DF
:10D3F00086B00400002702A8009003AB04AADFF85F
:10D40000B814DFF8B804FBF7FFFC40F698020021DF
:10D41000614804F0CFFB02985F490870029800123F
:10D420005D494870002603E00520FDF7C0F8761C32
:10D43000F6B2052E11DA3220FEF7FEFD022101912F
:10D44000554900910023039A92B20499C9B2FEF79C
:10D4500089FF8046B8F1000FE6D1B8F1000F40F027
:10D460008D80002602E0FEF74EFF761CF6B2052EF8
:10D4700027DA0A20FDF79BF8FEF70FFE002732207F
:10D48000FEF7DAFD0022049951F00101C9B2FEF75E
:10D490003BFE002803D5FEF736FFDFF82474032097
:10D4A000FDF785F8002FE0D13220FEF7C5FD002101
:10D4B000FEF7B7FE05000320FDF779F8EDB2002D69
:10D4C000D1D1EDB2002D51D100260DE00027322040
:10D4D000FEF7B2FD3900C9B2FEF7A3FE2E49705423
:10D4E0000120FDF764F8761C0298401C864204DA9D
:10D4F00002988642EAD10127E9E7FEF704FF039B81
:10D50000EDB22A00DFF8BC13DFF89403FCF7BEF994
:10D51000DFF88C03FDF786FE050000260CE01E48B0
:10D52000325CDFF8801315EB46001B4BC01800F28D
:10D530004C40FCF7ABF9761C0298B6EB400FEEDBE3
:10D54000DFF85C03FDF76EFE0190DFF864030090E6
:10D55000DFF84C33A122A2212000C0B2FBF798FCD7
:10D560000100DFF84C03FBF7C7FC05E02900C9B256
:10D570002000C0B2FBF7DBFC002005E00421200006
:10D58000C0B2FBF7D4FC002006B0BDE8F08100007B
:10D59000A0700108080000201020002011200020A9
:10D5A000F0B585B004005FF0FF36042702AADFF86B
:10D5B0001813B948FBF728FC40F698020021DFF861
:10D5C0000C0304F0F7FA002510E003AADFF8D412E8
:10D5D000DFF8DC0228180D30FBF716FC022095FB63
:10D5E000F0F0DFF8E812039A4254AD1C029885422D
:10D5F000EBDB0298022190FBF1F002903220FEF763
:10D600001BFD0299891E0191DFF8C41200910023CD
:10D61000DFF8B8124A7892B2DFF8B0120978FEF754
:10D62000A1FE0600002E02D50A20FCF7C0FF002E46
:10D6300035D16420FCF7BBFFFEF72FFD002532201B
:10D64000FEF7FAFC0022DFF88412097851F001019C
:10D65000C9B2FEF759FD002803D5FEF754FEDFF8E6
:10D6600060520120FCF7A3FF002D1DD100253220C0
:10D67000FEF7E2FC0121FEF7D4FD07006420FCF771
:10D6800087FFFEF740FEFFB2002F04D100212000EB
:10D69000C0B2FBF74CFC6420FCF77AFF04E00421E5
:10D6A0002000C0B2FBF743FC002005B0F0BD000035
:10D6B000686E0108806B0108A06901082DE9F0433C
:10D6C00087B004000020029000200390002500266F
:10D6D00004A80021002200230EC00C385FF00008CF
:10D6E00003AB02AADFF8EC11DFF8D001FBF78CFBEB
:10D6F00003980600029803284FD15FF0000901E06B
:10D7000019F10109B9F1080F80F293805FEA49002D
:10D7100010F1A008002738E00121DFF8BC01385CD7
:10D72000FDF79CFDDFF8B4010068C0B2FDF797FD7E
:10D730000121DFF8AC0104F0F3FA0520FCF737FF14
:10D740000121DFF89C0104F0F9FA0520FCF72FFF16
:10D75000DFF888018068FEF79FFA0120FCF727FFB9
:10D7600001200090DFF86431002200214046C0B261
:10D77000FEF75EFB0500002D06D104A850F8270037
:10D78000401C04A941F827007F1C032FC4DB5FFA6B
:10D7900088F8F6B2B045B3D14BE05FF0000901E084
:10D7A00019F10109B9F1080F43DA5FEA490010F1F4
:10D7B000A00801210298DFF82021805CFDF74EFDD2
:10D7C000DFF818010068C0B2FDF749FD0121DFF85C
:10D7D000100104F0A5FA0520FCF7E9FE0121DFF8AD
:10D7E000000104F0ABFA0520FCF7E1FEDFF8EC00E5
:10D7F0008068FEF751FA0120FCF7D9FE0120009065
:10D80000DFF8C830002200214046C0B2FEF710FB0E
:10D810000500002D08D1029804A951F82000401CF1
:10D82000029904AA42F821005FFA88F8F6B2B045DE
:10D83000B6D10021DFF8A000385CFDF70FFD002015
:10D84000FDF70DFD0698019005980090049B0022BD
:10D85000DFF89010DFF87400FCF718F8DFF86C00C0
:10D86000FDF7E0FC0190DFF848000090DFF85C3045
:10D87000A122A2212000C0B2FBF70AFB0100DFF8C1
:10D880003000FBF739FB002007B0BDE8F083000053
:10D89000746E0108986B01081100002000700108E7
:10D8A0005C24002008700108B06B0108C86B0108F7
:10D8B00008000020806E0108B06D010815000020EE
:10D8C00016FCFFFF8C6E010810700108102000206C
:10D8D00012200020986E0108A0700108B4320020C8
:10D8E00000540040386C010810B40023002200E00E
:10D8F000521C8A420CDA145C203C602CF8D35B1C6E
:10D90000022491FBF4F49C42F2DA5FF0FF3000E075
:10D91000002010BC704738B50C00C0B2A02806D05B
:10D92000A4280DD0A52805D0A62806D00AE0DFF847
:10D93000405807E0DFF83C5804E0DFF83C5801E0CD
:10D94000DFF83858221DDFF8601DDFF83408FCF7D7
:10D9500015FE231DDFF8282829004FF4006004F08D
:10D9600032FA002801D5062018E040F6980200217E
:10D97000DFF80C0804F01EF9221DDFF80418280057
:10D9800004F052FA221DDFF8F817DFF81C0D04F03E
:10D9900056FA002801D0072000E0002032BD70B503
:10D9A0009AB000260422DFF8D817DFF8C40704F085
:10D9B0003BFA19AADFF8F41ADFF8C407FBF724FAD8
:10D9C00040F698020021DFF8B80704F0F3F8199A3E
:10D9D000DFF8AC17DFF83C0804F026FA04244834DA
:10D9E000DFF834081790DFF834081690DFF83008B5
:10D9F0001590DFF8A4081490DFF8A0081390DFF862
:10DA0000A0081290DFF89C081190DFF89C08109095
:10DA1000DFF898080F90DFF898080E90DFF8940868
:10DA20000D90DFF894080C90DFF890080B90DFF869
:10DA300090080A90DFF88C080990DFF8F408089045
:10DA4000DFF8F0080790DFF8F0080690DFF8EC0840
:10DA50000590DFF8EC080490DFF8E8080390DFF8A1
:10DA600028090290DFF824090190DFF824090090CA
:10DA7000DFF82039DFF8382ADFF81C19DFF8000753
:10DA80002018FBF7C1F93034DFF810090A90DFF8ED
:10DA900010090990DFF80C090890DFF80C090790CD
:10DAA000DFF808090690DFF808090590DFF8040997
:10DAB0000490DFF804090390DFF800090290DFF812
:10DAC00000090190DFF8FC080090DFF8FC38DFF86F
:10DAD000DC2BDFF8F818DFF8A8062018FBF794F91C
:10DAE0002634DFF880091890DFF87C091790DFF8FA
:10DAF0007C091690DFF878091590DFF87809149002
:10DB0000DFF874091390DFF85C091290DFF8A409BC
:10DB10001190DFF8A4091090DFF8A0090F90DFF84A
:10DB2000A0090E90DFF89C090D90DFF89C090C907D
:10DB3000DFF898090B90DFF898090A90DFF894094C
:10DB40000990DFF894090890DFF890090790DFF852
:10DB500090090690DFF88C090590DFF88C09049095
:10DB6000DFF888090390DFF888090290DFF884095C
:10DB70000190DFF884090090DFF88039DFF8302B5E
:10DB8000DFF87C19DFF8F8052018FBF73DF922349F
:10DB9000DFF870090C90DFF870090B90DFF86C0962
:10DBA0000A90DFF86C090990DFF868090890DFF83F
:10DBB00068090790DFF864090690DFF864090590AA
:10DBC000DFF860090490DFF860090390DFF85C0972
:10DBD0000290DFF85C090190DFF858090090DFF847
:10DBE0005839DFF85829DFF85819DFF8940520185C
:10DBF000FBF70AF93834DFF84C090690DFF84809DA
:10DC00000590DFF8B00A0490DFF8AC0A0390DFF863
:10DC1000AC0A0290DFF8A80A0190DFF8A80A009089
:10DC2000DFF8A43ADFF8A42ADFF8A41ADFF85005D9
:10DC30002018FBF7E9F813340E22DFF84405211809
:10DC4000DFF8900AFCF79AFC0222DFF8340520186E
:10DC500010F10E01DFF8800AFCF790FC1034DFF8B9
:10DC60007C0A0290DFF8780A0190DFF8780A0090C9
:10DC7000DFF8743ADFF8742ADFF8741ADFF8000569
:10DC80002018FBF7C1F8641DDFF8680A0090DFF880
:10DC9000083BDFF8082BDFF8081BDFF8E404201846
:10DCA000FBF7B2F8E41CDFF8FC0A0690DFF8F80A8C
:10DCB0000590DFF8F80A0490DFF8F40A0390DFF823
:10DCC000F40A0290DFF8F00A0190DFF8F00A009001
:10DCD000DFF8EC3ADFF8EC2ADFF8EC1ADFF8A00402
:10DCE0002018FBF791F81334DFF8E00A0890DFF80A
:10DCF000E00A0790DFF8DC0A0690DFF8DC0A0590FE
:10DD0000DFF8D80A0490DFF8D80A0390DFF8D40AC5
:10DD10000290DFF8D40A0190DFF8D00A0090DFF813
:10DD2000D03ADFF89C2BDFF89C1BDFF85404201856
:10DD3000FBF76AF83022DFF87417DFF88C0BFBF77B
:10DD4000A5FDDFF8840BFDF76DFA19902C22DFF8A2
:10DD50007C1B1998DFF8703BC018FCF70FFCDFF84C
:10DD6000680BFDF75FFA19901998FAF7C9FBFDF7F0
:10DD700004FFDFF83C09C26DD2B24FF40041DFF876
:10DD8000C40BFCF799FC002001F098FE002001F084
:10DD9000DEFE0021002001F011FFDFF81409006D04
:10DDA000C0B204F0E1FA0A220021DFF89C0B03F074
:10DDB00001FFDFF8FC06406D032876D1DFF8C003D1
:10DDC000007804F0EEFA00280CD0ED48407804F01A
:10DDD000E8FA002806D001AADFF8701BE848FBF734
:10DDE00013F801E0792001905F21E54803F052FC2F
:10DDF000040063200090002C1AD0E148201A052866
:10DE000016DA651C2878002812D0287804F0C9FAA0
:10DE1000002809D0DA48281A00AADFF8301BD84BAE
:10DE2000C018FAF7F1FF03E06D1CE01CA842E9D22C
:10DE30000198782801DB792001900098642801DBA3
:10DE4000632000900198DFF8001B08700098DFF84D
:10DE5000F81A4870DFF858080068DFF8EC1A887084
:10DE6000DFF84C084068002801D1012000E00020C4
:10DE7000DFF8D41AC870DFF834088068DFF8C81AF1
:10DE80008880DFF8280880690A214843DFF8B81A3B
:10DE9000C880DFF81C08406DDFF8AC1A0872DFF8A4
:10DEA0001008806DDFF8A01A487200220121DFF807
:10DEB000940AFCF701FC00220221DFF8880AFCF733
:10DEC000FBFB04F050FB1420FCF771FB002004F076
:10DED000CAFC0A20FCF76BFB0026DFF8D0070068BD
:10DEE000FCF778FAFBF77AFF0022DFF8AC3AFCF790
:10DEF0004DF904000D00DFF8B4070069FCF76AFA79
:10DF0000FBF76CFF0022DFF8943AFCF73FF92200A0
:10DF10002B0004F04BFDFCF779F8060031000020DF
:10DF200000F0A8FDDFF884074068FCF753FAFBF720
:10DF300055FF0022DFF8603AFCF728F904000D00D5
:10DF4000DFF868074069FCF745FAFBF747FF002256
:10DF5000DFF8483AFCF71AF922002B0004F026FDFE
:10DF6000FCF754F806003100012000F083FD01F0B9
:10DF700001FC01220421DFF8CC09FCF79DFB012202
:10DF80000821DFF8C009FCF797FB00222021DFF809
:10DF9000B409FCF791FB0C220021DFF8040A03F01E
:10DFA00009FE0C220021DFF8FC0903F003FE1AB081
:10DFB00070BD00B593B00C22DFF8EC196F4803F088
:10DFC00033FF0C21DFF8E009FFF78EFC002840F05A
:10DFD000A6804FF480720021DFF8CC0903F0EAFD3F
:10DFE0000422DFF8C419654803F01EFF12AADFF807
:10DFF000BC14DFF8B409FAF707FF129ADFF8A81982
:10E00000DFF8A80903F010FFDFF8A4091190DFF88A
:10E01000A4091090DFF8A0090F90DFF8A0090E9076
:10E02000DFF89C090D90DFF89C090C90DFF8980947
:10E030000B90DFF898090A90DFF894090990DFF84F
:10E0400094090890DFF890090790DFF8900906908E
:10E05000DFF88C090590DFF88C090490DFF8880957
:10E060000390DFF888090290DFF884090190DFF857
:10E0700084090090DFF88039DFF88029DFF8801903
:10E08000DFF82409FAF7C0FEDFF870090268D2B29F
:10E090008021DFF87009FCF70FFBDFF860094268A8
:10E0A000D2B24FF40071DFF85C09FCF705FBDFF832
:10E0B0004C098268D2B24FF48071DFF84809FCF74E
:10E0C000FBFADFF83809C268D2B21021DFF8340950
:10E0D000FCF7F2FADFF824090269D2B20421DFF872
:10E0E0002409FCF7E9FADFF814094269D2B20821E1
:10E0F000DFF81009FCF7E0FADFF800098269D2B214
:10E100004FF48051DFF80009FCF7D6FADFF8EC088D
:10E11000C269D2B24021DFF8F408FCF7CDFA13B09F
:10E1200000BD38B5040000AADFF88013DFF87805D9
:10E13000FAF76AFE00992000C0B2FFF7ECFB050079
:10E14000E4B2A02C05D1FFF72AFC04F0D9FD01F0C0
:10E1500011FBE4B2A42C03D1FFF72BFF01F08AFBE3
:10E160002900C9B22000C0B2FAF7E1FE002032BD9A
:10E170000000050800200508001005080008050833
:10E180001020002010B5040001214FF4447001F06C
:10E19000E2FD01214FF4487001F0DDFD01214FF453
:10E1A000507001F0D8FDE4B2002C08D0022C12D03F
:10E1B0000BD3042C16D014D3052C14D013E000215B
:10E1C0004FF4447001F0C7FD0DE000214FF448709A
:10E1D00001F0C1FD07E000214FF4507001F0BBFDDC
:10E1E00001E000E0FFE710BD10B582B0040000AA16
:10E1F000DFF81C18DFF81C08FAF706FE0098C0B21A
:10E20000FFF7C0FF00212000C0B2FAF790FE002007
:10E2100016BD000004000508E82F0020E42F0020B0
:10E22000E02F002010B582B0040000AADFF8E0174C
:10E23000DFF8E007FAF7E8FD0098002805D002288B
:10E2400019D010D3032817D01EE01120DFF8C8170B
:10E2500008600220FFF796FF00212000C0B2FAF705
:10E2600066FE002016BD3320DFF8AC1708600420DE
:10E27000FFF788FFF0E7EFE75520DFF89C1708600D
:10E280000020FFF77FFFE7E704212000C0B2FAF784
:10E290004EFE5FF0FF30E5E7DC2F0020D82F002096
:10E2A000D42F0020D02F0020CC2F0020C82F0020FA
:10E2B000C42F0020C02F0020BC2F0020B82F00202A
:10E2C000B42F0020B02F00203220704730B583B02B
:10E2D0000400002540F698020021DFF8400703F013
:10E2E00069FC0022DFF83817DFF83007FBF7CEFAB9
:10E2F000DFF82807FCF796FF0500DFF82807FFF78F
:10E30000E3FF4519B5F11E000190DFF8BC05009050
:10E31000DFF80837A122A2212000C0B2FAF7B8FD29
:10E320000100DFF8A405FAF7E7FD00203EBD00007C
:10E33000AC2F0020A82F0020A42F0020A02F002009
:10E340009C2F0020982F002080B50021C9B2C0B2B8
:10E35000FAF7EDFD002002BD70B50400042500268B
:10E3600005F004F8DFF8C00605F014F80500042DE8
:10E3700000D0052605F005F83100C9B22000C0B272
:10E38000FAF7D5FD002070BD942F0020902F0020BB
:10E390008C2F0020882F0020544201089831002043
:10E3A00094310020903100208C31002088310020F1
:10E3B00084310020803100207C3100207831002021
:10E3C00074310020703100206C310020106701088A
:10E3D000C0B2002802D0012801D000E0FFE70020F1
:10E3E0007047C0B2022802D0032801D000E0FFE746
:10E3F00000207047C0B2002802D0012801D000E000
:10E40000FFE70020704710B582B0040000AADFF8D3
:10E410000016DFF80006FAF7F7FC0098002803D092
:10E42000022812D005D315E00121022001F093FC4F
:10E4300010E00021022001F08EFC6420FCF7B7F808
:10E440000121022001F087FC04E00021022001F0FC
:10E4500082FCFFE700212000C0B2FAF768FD00202F
:10E4600016BD0000682F0020802F00207C2F002088
:10E47000742F0020702F00206C2F002010B582B068
:10E48000040000AADFF88815DFF88805FAF7BCFC5D
:10E49000DFF89805006DC0B203F066FF0021200090
:10E4A000C0B2FAF744FD002016BD0000C06F01089D
:10E4B000842F0020642F0020602F00205C2F00207C
:10E4C000582F0020542F0020502F00204C2F0020C8
:10E4D000482F0020442F0020402F00203C2F0020F8
:10E4E000382F0020342F0020302F00202C2F002028
:10E4F000282F0020242F0020202F00201C2F002058
:10E50000C464010864310020603100205C310020C7
:10E510005831002054310020503100204C3100206F
:10E520004831002044310020403100203C3100209F
:10E530003831002034310020303100202C310020CF
:10E540005C66010818320020143200202DE9F043E7
:10E5500083B0814614220021DFF8D40403F02AFBA3
:10E5600014220021DFF8CC0403F024FB40F69802CB
:10E570000021DFF8A80403F01DFB0020DFF8B81429
:10E5800008700220FFF72DFF0520FCF710F801208E
:10E5900003F0CDFE01E0FBF771F9DFF89C04007891
:10E5A0000A28F8DBDFF88804408A04F0B7FF04008B
:10E5B0000D00DFF88004408A04F0B0FF06000F0071
:10E5C000002003F0B4FE0320FFF70BFF3020DFF83C
:10E5D0004C1408700020002122002B0004F0ACFF36
:10E5E00006D00020002132003B0004F0A5FF08D136
:10E5F00000230022DFF84414DFF82804FBF746F973
:10E600003CE032003B002000290004F0CFF902007A
:10E610000B0030003900FBF7B9FD0022DFF87C3336
:10E62000FBF714FC02000B000020DB49FBF70EFC9B
:10E63000FBF7EAFE804632003B002000290004F090
:10E64000B5F902000B005FF08040DFF8F413FBF730
:10E65000FDFB02000B000020DFF8E813FBF796FD3E
:10E660000022CD4BFBF7F2FBFBF7CEFE4346020048
:10E67000DFF8C813DFF8AC03FBF708F9DFF89C03F9
:10E68000FCF7D0FD019090480090DFF89033A12274
:10E69000A2214846C0B2FAF7FBFB01008A48FAF70C
:10E6A0002BFC0020BDE8FE83110000206831002013
:10E6B000182F0020103200200C32002008320020D9
:10E6C00004320020FC310020F8310020F431002019
:10E6D00000680108F0320020FE320020C432002021
:10E6E000C0320020BC320020B8320020B4320020FA
:10E6F000506B010808330020F8B514220021CC48E3
:10E7000003F058FA14220021CA4803F053FA0020FB
:10E71000C9490870012003F00AFE01E0FBF7AEF8DA
:10E72000C54800780A28F9DBC148408A04F0F6FEA3
:10E7300004000D00BF48408A04F0F0FE06000F0000
:10E74000002003F0F4FD0020002122002B0004F043
:10E75000F3FE06D00020002132003B0004F0ECFE66
:10E7600001D1002017E032003B002000290004F016
:10E770001DF902000B0030003900FBF707FD0022F5
:10E78000864BFBF763FB02000B0000208249FBF77E
:10E790005DFBFBF739FEF2BD04330020003300209F
:10E7A000806D01088C3200208832002084320020E5
:10E7B000803200207C320020783200207432002029
:10E7C000703200206C32002028680108C43100201B
:10E7D000C0310020BC310020B8310020B43100200D
:10E7E000B0310020AC310020A8310020A43100203D
:10E7F000A031002038B5040000AA85498548FAF701
:10E8000003FB0098012837D10220FFF7EAFD05201D
:10E81000FBF7CDFEFFF770FFFBF7DCFD8A4904F044
:10E820009BFE05008948C068FBF7D4FD884904F0C9
:10E8300093FE2900FBF714FE05007C4800680028C1
:10E8400002D0042809D010E02900042000F012F9B9
:10E850002900032000F00EF907E07E49032000F0B4
:10E8600009F92900042000F005F90020FFF7B0FDA8
:10E870000320FFF7B6FD1BE07448C068FBF7AAFD54
:10E88000734904F069FE0100042000F0F3F86F48BA
:10E89000C068FBF79FFD6E4904F05EFE0100032097
:10E8A00000F0E8F80120FFF793FD0320FFF799FD42
:10E8B00000212000C0B2FAF73AFB002032BD000070
:10E8C0009C310020786701080800002030200020DB
:10E8D00080B5614804F05EFD604908705F480078CB
:10E8E00004280BD05C4804F055FD5C4908705B4877
:10E8F0000078042802D05FF0FF3000E0002002BD65
:10E9000010B5040056480078401C55490870C0B244
:10E91000032802DA5FF0FF3010BD04F027FD00206D
:10E920004F490870FFF7D4FF002807D508212000C1
:10E93000C0B2FAF7FCFA5FF0FF30EDE704F021FD1A
:10E94000FEE70000001401400C330020C86F0108EE
:10E9500080B50021C0B2FAF7EAFA0120FBF727FEE2
:10E96000FEE71CB504003F4B3F4A40492B48FAF7ED
:10E970008DFF2A48FCF756FC01903D480090274B3C
:10E98000A122A2212000C0B2FAF782FA0100384881
:10E99000FAF7B2FA002016BD0000244000005940EA
:10E9A00018330020243300205C24002004080508CC
:10E9B000F0310020EC310020E8310020E43100206B
:10E9C000E0310020DC310020D8310020D43100209B
:10E9D000D0310020CC310020C8310020B0320020DE
:10E9E000AC320020A8320020A4320020A032002047
:10E9F0009C32002098320020943200209032002077
:10EA00000866010800100140002001400008014094
:10EA1000D06F01081500002038330020102000209E
:10EA2000D86F01081120002000180508182F0020B9
:10EA3000C8320020DC32002000340020386E01088B
:10EA40001BC29E3E0000F03F00007A446831002067
:10EA5000000020413333534000F803080400002035
:10EA6000FE330020506E0108446E0108A8670108BB
:10EA70000800002038B504000D002800FBF7AEF9AF
:10EA80000022DFF8103CFBF7E1F9FBF7BFFA0500C5
:10EA9000DFF8040C50F824002900FBF77BF904D3BD
:10EAA00028000021FBF776F901D8DFF8F05BDFF8EA
:10EAB000E80B50F82400FBF791F90022DFF8943DB1
:10EAC000FBF764FBFBF7A2FA0100280004F044FD09
:10EAD000FBF732FD401E80004FF4805101FB04F132
:10EAE00011F50051014389B22000C0B204F0B2FD1B
:10EAF000002032BD1CB5040001AB00AADFF8EC1BFE
:10EB0000DFF8EC0BFAF780F90198FBF763FCDFF80C
:10EB10008C1B04F021FD0099032901D104210091EF
:10EB200001000098FFF7A6FF002807D50421200068
:10EB3000C0B2FAF7FCF95FF0FF3005E000212000D9
:10EB4000C0B2FAF7F4F9002016BD10B586B0040083
:10EB500002A8019003A8009004AB05AADFF8041CEA
:10EB6000DFF88C0BFAF750F90598FBF733FCDFF868
:10EB70002C1B04F0F1FC01000020FFF77BFF049840
:10EB8000FBF728FCDFF8141B04F0E6FC0100012071
:10EB9000FFF770FF0398FBF71DFCDFF8001B04F084
:10EBA000DBFC01000220FFF765FF0298FBF712FC77
:10EBB000DFF8E81A04F0D0FC01000420FFF75AFF48
:10EBC00000212000C0B2FAF7B2F9002006B010BD53
:10EBD0001CB5040000AB01AADFF88C1BDFF8100B9A
:10EBE000FAF712F90198052804D01BD3072812D090
:10EBF00009D317E00099C9B2DFF8700B0068C0B202
:10EC000001F055F90EE0009AD2B20221DFF8480C6B
:10EC1000FBF752FD06E0009AD2B20121DFF8380C72
:10EC2000FBF74AFD00212000C0B2FAF780F900206E
:10EC300016BD10B50024012940F0D7800022002124
:10EC4000002004F0DFF900F095FDDFF8240BC06927
:10EC5000532842D1DFF8040CC06D012807D10021F0
:10EC6000DFF8F80B406BC0B2FCF79BFC06E001211B
:10EC7000DFF8E80B406BC0B2FCF793FCDFF8F00A5A
:10EC8000006AFBF794FC01220121DFF8CC0BFBF7B3
:10EC900013FDDFF8CC0B0068C0B2FCF7F4FADFF824
:10ECA000D00A406ADFF8BC1B0880DFF8B80B008888
:10ECB000002806D000F05BFB0028F6D55FF0FF309F
:10ECC0000FE101220221DFF8900BFBF7F5FCDFF8E2
:10ECD000A00A806AFBF76BFC41E001220121DFF80A
:10ECE000780BFBF7E9FCDFF8780B0068C0B2FCF7A3
:10ECF000CAFADFF87C0A006ADFF8681B0880DFF8D0
:10ED0000640B0088002806D000F031FB0028F6D5FF
:10ED10005FF0FF30E5E001220221DFF83C0BFBF75A
:10ED2000CBFCDFF84C0A406AFBF741FCDFF82C0B08
:10ED3000C06D012807D10021DFF8200B406BC0B265
:10ED4000FCF72FFC06E00121DFF8100B406BC0B28E
:10ED5000FCF727FCDFF8180A806AFBF728FCDFF8CD
:10ED6000FC0A406D022809D101222021DFF8E80ABF
:10ED7000FBF7A2FC3220FBF71AFC0AE0DFF8DC0A02
:10ED8000406D032803D1012003F06DFD01E003F085
:10ED9000C8FBDFF8DC09C068FBF71CFBDFF8FC18D8
:10EDA00004F0DAFB01000420FFF764FE01210120DA
:10EDB00000F004FF0121DFF8B4090068C0B201F0DF
:10EDC0008CF8C820DFF8A01A086041F28830DFF81C
:10EDD0009C1A08600120DFF8881C48602822002166
:10EDE000DFF88C0A02F0E6FE7AE00021DFF87C0909
:10EDF0000068C0B201F071F800210420FFF73AFE6C
:10EE00000021002000F0DAFE0021022000F0A3FF24
:10EE1000DFF8480A406D022806D100222021DFF8E1
:10EE2000380AFBF749FC0AE0DFF8300A406D032896
:10EE300003D1002003F017FD01E003F094FBDFF89D
:10EE40003009806AFBF7B3FBDFF82409C069532857
:10EE500020D100220221DFF8000AFBF72DFC002060
:10EE6000FCF711FADFF80809406AFBF7A0FB002263
:10EE70000121DFF8E409FBF71FFCDFF8F408006A62
:10EE8000FBF795FB0021DFF8D409406BC0B2FCF71B
:10EE900088FB1FE00021DFF8C409406BC0B2FCF71B
:10EEA00080FBDFF8CC08406AFBF781FB00220221DF
:10EEB000DFF8A409FBF700FC0020FCF7E4F9DFF819
:10EEC000B008006AFBF773FB00220121DFF8880914
:10EED000FBF7F2FB0020DFF8881B486000F0CAFC5B
:10EEE000200010BD38B5040000AADFF8781BDFF859
:10EEF0000008F9F789FF00990020FFF79AFE050046
:10EF000000212000C0B2FAF712F8280032BD10B577
:10EF100082B004000092DFF8500B50F82100FAF79D
:10EF20005DFF02000B00200004F03EFC16BD10B592
:10EF300084B0040002AADFF82C1BDFF8B407F9F74D
:10EF400063FF0A220298DFF8241B415C0298DFF875
:10EF50001C3BC05CFFF7DBFF0090029B0022DFF848
:10EF6000101BDFF8100BFAF791FCDFF8080BFCF729
:10EF700059F90190DFF8000B0090DFF8F83AA12270
:10EF8000A2212000C0B2F9F783FF0100DFF8E80AF0
:10EF9000F9F7B2FF002004B010BD2DE9F04784B0AE
:10EFA0000C0000200290002001900020009000251D
:10EFB000002600275FF000085FF00009DFF8B008C6
:10EFC00040690500DFF8A80800690600DFF8A0081E
:10EFD000C0690700DFF89808806980462822002170
:10EFE000DFF88C0802F0E6FDDFF87008406D0228BB
:10EFF00002D15FF0040901E05FF006095FF0000A4A
:10F0000010E02200DFF8640A1AF80010DFF85C0A4A
:10F010001AF80000FFF77BFFDFF8541841F82A00C8
:10F020001AF1010AD9F10A00824530DABAF1020F69
:10F0300005D0BAF1030F02D0BAF1040F11D12200AA
:10F04000DFF8280A1AF80010DFF8200A1AF8000082
:10F05000FFF75DFF0A214843DFF8141841F82A0042
:10F06000DEE7BAF1050FCCD12200DFF8000A1AF86A
:10F070000010DFF8F8091AF80000FFF748FF0A212E
:10F0800090FBF1F0DFF8E81741F82A00C8E7DFF855
:10F09000CC07406D022800F09280DFF8C007406D79
:10F0A000032800F08C80DFF8B407406D002802D1FF
:10F0B0000120022401E001200224DFF8B41689684F
:10F0C000002904D0DFF8B4194969002912D1DFF80A
:10F0D000A0168968002904D00021DFF8A429116056
:10F0E00008E0DFF898194969002903D00121DFF809
:10F0F00090291160DFF87816896800292BD0DFF895
:10F1000080190968002926D10121DFF874291160CE
:10F1100000AB01AA02A9C0B203F084FA002865D1AD
:10F120000298DFF84C1748610198DFF8441708612E
:10F13000DFF83C07C761DFF83807C0F81880DFF850
:10F140001C07406D002851D10098C0B20002DFF8C2
:10F15000201708624AE0DFF824094069002845D0FA
:10F16000DFF81C090068002840D00020DFF81019E3
:10F17000086000AB01AA02A92000C0B203F052FA55
:10F18000002833D10298DFF8E816C8610198DFF84B
:10F19000E0168861DFF8D8064561DFF8D40606611D
:10F1A000DFF8B806406D002820D1DFF8C406006AF9
:10F1B0000099C9B20818DFF8B816086216E0DFF83F
:10F1C0009C06406D032811D100AA01A902A803F0F2
:10F1D0008FFB0298DFF8981648610198DFF89016C7
:10F1E00008610098C0B2DFF888160862BDE8FF87A2
:10F1F000824201DA012004E0884201DA022000E0C4
:10F200000020704738B50024DFF85006406D022812
:10F2100004D0DFF84806406D032801D1042400E043
:10F220000224002510E0DFF85408826ADFF84C0859
:10F23000416ADFF83C0650F82500FFF7D9FFDFF8F8
:10F24000441841F825006D1CD4F10A00854280F273
:10F250008D800020DFF82C1841F82500DFF80C081D
:10F26000285C00280BD002284DD019D304286CD07C
:10F270005AD30628D7D024D3072833D0E3E7DFF8C2
:10F2800008084268DFF800080168DFF8E40550F874
:10F290002500FFF7ADFFDFF8EC1741F82500D2E7B6
:10F2A000DFF8E407C268DFF8E0078168DFF8C0052F
:10F2B00050F82500FFF79CFFDFF8C81741F825003C
:10F2C000C1E7DFF8C4074269DFF8BC070169DFF86E
:10F2D000A00550F82500FFF78BFFDFF8A81741F8CD
:10F2E0002500B0E7DFF89407026ADFF89007C169EC
:10F2F000DFF87C0550F82500FFF77AFFDFF8841768
:10F3000041F825009FE7DFF88007C269DFF878073A
:10F310008169DFF85C0550F82500FFF769FFDFF829
:10F32000641741F825008EE7DFF85C07426ADFF8D2
:10F330005807016ADFF8380550F82500FFF758FF35
:10F34000DFF8401741F825007DE7DFF83C07C26A87
:10F35000DFF83407816ADFF8180550F82500FFF759
:10F3600047FFDFF8201741F825006CE731BD10B5E5
:10F3700000240522DFF8F4068178DFF8F0068078B3
:10F38000FFF7C5FD0A214843DFF8E4148860DFF881
:10F39000F806C269DFF8F0068169DFF8D4048068F6
:10F3A000FFF726FFDFF8DC168860DFF8D806C068B4
:10F3B000012813D100F005F90220DFF8D01608600B
:10F3C000DFF8C0068068DFF8C4164860DFF8A004E4
:10F3D0008068DFF8B81688605FF0FF34200010BD49
:10F3E00010B50024DFF878064068012840F08780D7
:10F3F000DFF874040068002840F08180DFF85C04C6
:10F40000406D022804D0DFF85404406D032801D178
:10F41000042400E00224DFF87806007802286EDB7E
:10F420000020DFF86C1608700A210020FFF7B5FDF8
:10F4300000210020FFF7E6FE002000E0401CD4F190
:10F440000A0188422BDADFF844160860DFF8341628
:10F4500051F82010DFF834265160DFF8141451F809
:10F460002010DFF828269160DFF8181651F82010D8
:10F47000012905D0DFF80C1651F820100229DDD142
:10F4800000F09FF8DFF804068268DFF800064168A4
:10F49000DFF8F805006803F0B5FD04F0D7F9DFF8F0
:10F4A000BC03406D002804D0DFF8B003406D032892
:10F4B00025D1DFF8B8030068002820D1DFF8B003B9
:10F4C000006A00281BD000F07CF8DFF89003406D44
:10F4D000002807D1DFF89803026A0321082003F00F
:10F4E00091FD0AE0DD48406D032806D1DFF8800376
:10F4F000026A0321092003F085FD04F0A7F910BD7D
:10F5000030B583B00A210020FFF747FD002100201D
:10F51000FFF778FE00240FE0D54850F82450DFF8BC
:10F520005405FBF77FFE2A00DFF86815DFF8443545
:10F53000C018FAF7ABF9641C082CEDDBDFF83405D2
:10F54000FBF770FEDFF8441589680191DFF83C1580
:10F5500049680091DFF834150B68C5494A6ADFF83D
:10F560003815DFF810450019FAF790F937BD30B5B6
:10F5700083B004000022DFF8EC14DFF8F804FAF797
:10F5800085F90020FFF7BCFFDFF8E804FBF74AFE2F
:10F590000190DFF808050090DFF8D834A122A221FD
:10F5A0002000C0B2F9F774FC0400002505E0DFF884
:10F5B000EC04285CFAF700FA6D1CA542F7DB00208A
:10F5C0003EBD80B500220121A348FBF775F800225B
:10F5D0000221A148FBF770F8A048406D022805D130
:10F5E000002220219C48FBF767F809E09B48406D0A
:10F5F000032803D1002003F036F901E002F0B3FF45
:10F6000000215A480068C0B200F051FC0021574860
:10F610000068C0B200F061FC0021DFF88404406B98
:10F62000C0B2FBF7BEFF00210420FFF723FA002140
:10F63000002000F0C3FA0021022000F08CFB002023
:10F64000DFF81C144860002002BD70B504000D00F6
:10F650003020DFF820140870002616E00A22DFF8B8
:10F660000C040179DFF804040079FFF750FC020074
:10F67000DFF82014DFF8FC0310EB8600401CFAF7DB
:10F6800005F92000FAF793FF761CAE42E6DB002076
:10F6900070BD0000000059403C6D01080000204191
:10F6A0001FB5040002AB03AADFF8F8131048F9F7FE
:10F6B000ABFB02990398FFF7C8FFDFF8B803FBF72D
:10F6C000B1FD0190DFF8B0030090DFF8A833A1226C
:10F6D000A2212000C0B2F9F7DBFB0100DFF898039C
:10F6E000F9F70AFC002004B010BD00007870010892
:10F6F0001500002038B50C00C0B2FEF77BFE0A20D2
:10F700000090DFF86403006AFAF768FB02000B0060
:10F71000082004F049F80A2190FBF1F02060DFF89E
:10F720005C130968002901D1002518E0D349096854
:10F73000012908D1D1494968814201DA00250EE04A
:10F740005FF0FF350BE0CD490968022907D1CB49AD
:10F750004968814202DA5FF0FF3500E000252800A9
:10F7600032BD0000146D010880700108182F0020C0
:10F770006831002000B585B0C948406D02280BD122
:10F78000C9488068FAF726FEC84903F0E5FE010083
:10F790000220FFF76FF959E0C148406D03280CD1F2
:10F7A00000A8C3490A2201F093FE00A807C803F08D
:10F7B0006FF83220FAF7FBFE48E0B948406D0028A8
:10F7C00024D1B148806B80B20390AC488069642139
:10F7D000484380B20290A948406980B20190AA488B
:10F7E000406B80B20090B0488069642101FB00F357
:10F7F0009BB2AD48826892B2AE480168C9B200209F
:10F8000002F0D3FE3220FAF7D2FE1FE00020039070
:10F810009A4880696421484380B2029097484069C1
:10F8200080B20190002000909F488069642101FB14
:10F8300000F39BB29C48826892B29E480168C9B2AC
:10F84000012002F0B2FE3220FAF7B1FE002005B02E
:10F8500000BD00000000904000140140842F0020F3
:10F86000B4320020EE3300206C330020A03300209F
:10F870001C3200207CB58448C069FAF7ABFD8E4984
:10F8800003F06AFE01000C0087480068FAF7A2FD49
:10F89000864903F061FE210003F07EFA8048406D46
:10F8A000002807D0022800F08F804AD3032800F0F8
:10F8B000B080D3E07448406BC0B20190012000904A
:10F8C0000023022214001D006F48C06AFAF782FD6F
:10F8D000794903F041FE01002B0022000C001500C5
:10F8E0001E0071488068FAF775FD704903F034FE18
:10F8F00033002A00210003F07FFA6348806BC0B216
:10F900000190022000900023032214001D005B4898
:10F91000806AFAF75FFD684903F01EFE01002B00C4
:10F9200022000C0015001E0054484069FAF752FDF1
:10F930005E4903F011FE33002A00210003F05CFA57
:10F940008CE000200190012000900123022214008D
:10F950001D004D48C06AFAF73DFD574903F0FCFD14
:10F9600001002B0022000C0015001E004E4880688C
:10F97000FAF730FD4D4903F0EFFD33002A00210076
:10F9800003F03AFA002001900220009001230322A4
:10F9900014001D003948806AFAF71CFD464903F03F
:10F9A000DBFD01002B0022000C0015001E00334877
:10F9B0004069FAF70FFD3D4903F0CEFD33002A0000
:10F9C000210003F019FA49E0002001900020009086
:10F9D0000223022214001D002B48C06AFAF7FAFC29
:10F9E000354903F0B9FD01002B0022000C00150081
:10F9F0001E002D488068FAF7EDFC2C4903F0ACFDA1
:10FA000033002A00210003F0F7F9032003F0E0FAA5
:10FA100024E0002001900020009003230222140023
:10FA20001D001948C06AFAF7D5FC234903F094FD7C
:10FA300001002B0022000C0015001E001A488068EF
:10FA4000FAF7C8FC194903F087FD33002A002100AA
:10FA500003F0D2F9032003F0BBFAFFE7002076BDE4
:10FA60003833002088700108786801081C6F01088D
:10FA7000006E010810200020080000209C310020AA
:10FA8000DC330020443200202C31002018330020C9
:10FA90000134002090700108286D0108182E002004
:10FAA000842F0020106F01086831002000002041E1
:10FAB0000C330020D833002000007A44E0B515282C
:10FAC00008DA41F61F4142F2107292FBF0F0ADF8F5
:10FAD00004002AE0B0F11501B42907D240F2CF2189
:10FAE0007D4A92FBF0F0ADF804001EE0B0F1C901D0
:10FAF000B1F5E16F06D24721784A92FBF0F0ADF8FC
:10FB0000040012E0A0F2D17144F25062914206D298
:10FB10000621734A92FBF0F0ADF8040005E00221E3
:10FB2000704A92FBF0F0ADF80400ADF80010002030
:10FB3000ADF806000020ADF8020000A96A4803F005
:10FB400073FFBDF804006949086000200EBDF0B5E0
:10FB500085B007000026FFB26548006B874203DAD4
:10FB60006348076B5FF0FF366020ADF800000120AE
:10FB7000ADF802000020ADF808005C480068FAF714
:10FB800033FCFAF72BF904000D00FFB23800FAF746
:10FB90002BFCFAF723F90022564BFAF7F7FA22006A
:10FBA0002B00FAF753F9FAF745FCADF8060000A967
:10FBB0004D4803F054FF300005B0F0BD10B582B0E1
:10FBC0000C0001280DD10220ADF8000018208DF89E
:10FBD000030003208DF8020000A94748FAF7FAFC59
:10FBE00012E00220ADF8000010208DF80300032081
:10FBF0008DF8020000A94048FAF7ECFC2200D2B2CE
:10FC000002213D48FAF758FD002016BD80B503F0EB
:10FC1000B1FFC820FFF752FF5020FFF798FF0021E7
:10FC20000120FFF7CBFF002002BD30B583B00400F8
:10FC300001AB00AA31493248F9F7E6F80098642888
:10FC400004DB01210020FFF7B9FF0BE000210120B8
:10FC5000FFF7B4FF0198FFF731FF0098C0B2FFF73C
:10FC600076FF0500002D05D504212000C0B2F9F76C
:10FC70005EF904E000212000C0B2F9F758F9002035
:10FC80003EBD10B582B0040000AA1E491C48F9F719
:10FC9000BBF8009AD2B24FF400411B48FAF70CFDB2
:10FCA00000212000C0B2F9F742F9002016BD7047CC
:10FCB00010B582B0040000AA12491148F9F7A4F85F
:10FCC0000098C0B2FFF7F3FF00212000C0B2F9F79F
:10FCD0002EF9002016BD0000A086010040420F0052
:10FCE0008096980000366E0100040040E03300204A
:10FCF0002C31002000005940000C0140286F010801
:10FD00001500002098700108001401400020704781
:10FD10000020C0B2704738B50400DFF86003FAF77E
:10FD2000C8FC05004FF63F600540E4B2A40154EA68
:10FD3000050189B2DFF84403FAF7C7FC0120FAF79E
:10FD400036FC0724A40154EA050189B2DFF82C032C
:10FD5000FAF7BBFC31BD10B580B2021212F00F04ED
:10FD6000C9B2012909D1E4B2DFF81413615C084378
:10FD7000E4B2DFF80C13605409E0E4B2DFF80013DA
:10FD8000615C31EA0000E4B2DFF8F4126054E4B2DE
:10FD9000DFF8EC02205CFFF7B9FF2000C0B2FFF7EC
:10FDA000BAFF002010BD10B5040001214FF4887087
:10FDB000FFF7D1FF01214FF49070FFF7CCFF012135
:10FDC0004FF4A070FFF7C7FFE4B2012C06D0032C5C
:10FDD00010D0042C08D00A2C12D011E000214FF4CE
:10FDE0008870FFF7B8FF0BE000214FF4A070FFF719
:10FDF000B2FF05E000214FF49070FFF7ACFFFFE782
:10FE000010BD80B5002140F20130FFF7A4FF0021B2
:10FE100040F20230FFF79FFF00214FF44170FFF7DF
:10FE20009AFF00214FF44270FFF795FF00214FF435
:10FE30004470FFF790FF00214FF44870FFF78BFFED
:10FE400000214FF45070FFF786FF00214FF46070DF
:10FE5000FFF781FF4FF4FA70FAF7A9FB012140F296
:10FE60000130FFF778FF012140F20230FFF773FF06
:10FE700001214FF44170FFF76EFF01214FF44270F2
:10FE8000FFF769FF01214FF44470FFF764FF012180
:10FE90004FF44870FFF75FFF01214FF45070FFF7F8
:10FEA0005AFF01214FF46070FFF755FF01BD80B587
:10FEB000C9B2012908D1C0B2FFF775FF01214FF483
:10FEC0008470FFF748FF07E000214FF48470FFF7CC
:10FED00042FF0A20FFF767FF01BD80B5C0B20028CE
:10FEE00006D002280ED008D3042812D00BD315E078
:10FEF000C9B20120FFF72FFF10E0C9B20820FFF7B9
:10FF00002AFF0BE00AE0C9B24FF48270FFF723FF2B
:10FF100004E0C9B240F20220FFF71DFF01BD10B599
:10FF200082B0040000AA58495848F8F76DFF002134
:10FF30002000C0B2F8F7FBFF002016BDC0B20028B9
:10FF400008D111F00300032801D0002009E05FF080
:10FF5000FF3006E00320014201D1002001E05FF004
:10FF6000FF30704710B50400FFF7D2FE10F0030118
:10FF7000C9B24448C068C0B2FFF7E0FF002805D509
:10FF800004212000C0B2F8F7D2FF04E000212000D5
:10FF9000C0B2F8F7CCFF002010BD30B585B004002A
:10FFA000002502A80021002206C00838FFF7B0FE95
:10FFB00010F0030010F003003621354A1170C0B272
:10FFC000002805D002282CD01CD3032838D03AE0D2
:10FFD00002A90020FFF78EFB0500002D03D5372076
:10FFE0002B4908700DE003A90120FFF783FB0500F2
:10FFF000002D03D537202649087002E0302024491F
:020000040801F1
:10000000087020E003A90120FFF774FB0500002D14
:1000100003D537201E49087002E030201C490870C3
:1000200011E002A90020FFF765FB0500002D03D5B4
:1000300037201749087002E030201549087002E0A7
:10004000362013490870039B029A12491248F9F7A7
:100050001DFC0F48FBF7E6F80190104800900C4B90
:10006000A122A2212000C0B2F8F712FF01000B4824
:10007000F8F742FF002005B030BD00000014014039
:10008000A4330020182F0020207001081500002044
:1000900010200020C86E0108112000200800002058
:1000A0001FB5040042F208020021DFF8540101F0FC
:1000B00081FD3222DFF84C11DFF84C0101F0B4FE73
:1000C0003221DFF84001FDF70FFC002802D55FF078
:1000D000FF304AE002A8009003AB01AADFF82C1120
:1000E000DFF82001F8F790FE40F698020021DFF8D3
:1000F000140101F05FFD019ADFF80811DFF810012B
:1001000001F092FE00210022002001E0411C401C71
:10011000019B984211DADFF8EC30C35C5E2BF6D11C
:10012000521C631C9342F1D1401A421CDFF8D400E8
:100130000918DFF8E000FAF721FADFF8D800FBF73A
:1001400071F804002200DFF8D010DFF8B400F9F7EE
:100150009DFB4FF40062DFF8BC10DFF8C000FAF737
:100160000DFA2000F8F7CCF9029804B010BD3EB5A6
:10017000040000251822DFF8AC10DFF8A40001F01D
:1001800053FE1821DFF89C00FDF7AEFB0500002DA3
:1001900005D500212000C0B2F8F7C9FE2EE002AA62
:1001A000DFF87410DFF87C00F8F72EFE40F69802B6
:1001B0000021DFF8500001F0FDFC3620DFF844108C
:1001C00081F80002029ADFF86010DFF8600001F0A9
:1001D0002BFEDFF85000FBF725F80190DFF8200038
:1001E0000090DFF84030A122A2212000C0B2F8F731
:1001F0004FFE0100DFF80800F8F77EFE00203EBD4C
:10020000080000201020002000100508506D010893
:100210000810050808100020406F01080C0000209D
:1002200000190508102200201122002004190508D9
:100230002DE9F04FA1B0824602AE002017461D46C0
:10024000029170620DF144080AE017F8011B029850
:10025000D0470290002800F0DA82706A401C706279
:10026000387808B9706AD4E22528EED10020F06011
:1002700030617061B061F061306201E040F0010016
:1002800017F8011F2029F9D023290DD02B2904D0DC
:100290002D2906D030290AD00CE040F0020080B2AF
:1002A000EEE740F00400FAE740F00800F7E740F01E
:1002B0001000F4E72A290DD129680A1D2A6009686F
:1002C000F162002904D5494240F00400F16280B295
:1002D0007F1C13E00021F1620BE0F16A6FF0004334
:1002E000994205D001EB810302EB43013039F16201
:1002F0007F1C3A78A2F130010A29EED339782E29F1
:1003000003D04FF0FF31B1621EE017F8011F2A2918
:1003100006D129680A1D2A607F1C0968B16213E0B2
:100320000021B1620BE0B16A6FF00043994205D041
:1003300001EB810302EB43013039B1627F1C3A7853
:10034000A2F130010A29EED330860FF650403978F9
:1003500001F0A0F908B117F8010B8DF83A009DF8EB
:100360003A00682802BF39786829622005D06C28D5
:1003700004BF38786C2803D171208DF83A007F1CB7
:1003800011A8B0603978B1F1250029D01C3800F0EF
:10039000C080001F022840F2BC80133800F0E480C7
:1003A000093800F0B680801E00F07781401E00F012
:1003B0002081401E022840F2AC80001F00F019810D
:1003C000401F7BD0401E00F0CF80401E22D0C01EB8
:1003D0000BD0801E00F0C880C01E00F0C58064E114
:1003E000F068411CF160252169E12868011D296040
:1003F0000068B26A7060002A02D5FAF713FF07E0BE
:10040000002101F053F900281ABF7168401AB06A40
:10041000306156E12868011D296000210068CDE99E
:1004200000014FF03C0E11A87060DDE9000111B928
:1004300008B9B26ACAB10206120FA0EB021230323A
:10044000AEF10103D2B29E463A2AA8BF2732000974
:1004500003F8082040EA0170090908BF002804D009
:10046000726811AB73449A42E5D311A9714471606B
:10047000CEF13C00B16A3061884207DA081AB061F7
:100480004FF6EF71308E084030861AE1002940F1B6
:10049000188196F8301001F01401102940F01181F4
:1004A000F16AF268891AB269891AA1EB000EBEF1ED
:1004B000010FC0F20681C6F818E002E19DF83A008B
:1004C000622818D0682806D06A280BD06C2819D06A
:1004D000712807D016E02868011D29600068716A3C
:1004E0000180EEE02A68101D28601268706AC1174A
:1004F000C2E90001E5E02868011D29600068716A11
:100500000170DEE02868011D29600068716A0160E1
:10051000D7E02868C01D20F00700286000F108021D
:100520002A60D0E90023CDE90023002B04D5F06830
:10053000421CF2602D220DE0308E820704D5F06857
:10054000421CF2602B2205E0C00705D5F068421C72
:10055000F260202200F80820F06811AA801870606C
:1005600000A800F0DDF9ACE09DF83A006C2808BF67
:100570002A6811D0712808BF2A6802D02A686A2820
:100580000AD1D21D22F007022A60144604F10802A3
:100590002A60D4E9002303E0131D2B6000231268B6
:1005A000CDE90023682808BF92B207D0622808BFAF
:1005B000D2B203D0742818BF7A2802D10023CDE923
:1005C000002396F8300000075FD5DDE90023002BFB
:1005D00008BF002A59D041F02000782855D1F06892
:1005E000302200F80820401C421CF26000F808107D
:1005F0004BE09DF83A0062280CD0682810D06A2899
:100600001AD06C2823D0712816D074281FD07A28CD
:100610000CD01CE02868021D2A6090F900201AE026
:100620002868021D2A60B0F9002014E02868021D25
:100630002A60002302680FE02868C01D20F0070030
:10064000286000F108022A60D0E9002304E028684D
:10065000021D2A600268D317CDE90023002B04DABB
:10066000F068421CF2602D220DE0308E820704D526
:10067000F068421CF2602B2205E0C00705D5F06847
:10068000421CF260202200F80820F06811AA8018AD
:10069000706000A800F0C0F813E0F068411CF16041
:1006A00029680A1D2A60096809E0F068421CF260A6
:1006B000252200F8082021B1F068421CF26000F801
:1006C0000810F06AF168401AB169401A3169401A9D
:1006D000F169401A7169401A316AA0EB010996F874
:1006E00030007F1C400710D420208DF840000024EB
:1006F00009E0012310AA00A9504600F038FC0028A8
:1007000040F08580641C4C45F3DBF4680DF1440B2C
:100710000AE01BF8011B0298D0470290002876D00F
:10072000706A401C7062641E002CF2D130208DF87B
:1007300040004FF0000BB46909E0012310AA00A9A2
:10074000504600F014FC002861D10BF1010BA345C9
:10075000F3DB3469D6F804B00AE01BF8011B0298F9
:10076000D0470290002852D0706A401C7062641E0C
:10077000002CF2D130208DF840004FF0000BF469CE
:1007800009E0012310AA00A9504600F0F0FB002860
:100790003DD10BF1010BA345F3DB3069716874693E
:1007A00000EB010B09E01BF8011B0298D0470290F7
:1007B00068B3706A401C7062641E002CF3D1302054
:1007C0008DF840004FF0000B346A08E0012310AAB6
:1007D00000A9504600F0CBFBC8B90BF1010BA345B3
:1007E000F4DB96F8300040077FF53AAD20208DF815
:1007F0004000002400E0641C4C45BFF631AD0123ED
:1008000010AA00A9504600F0B2FB0028F3D04FF028
:10081000FF3021B0BDE8F08F2DE9FA4E05460A46BB
:100820002F696F2A08BF082405D041F020007828DE
:1008300014BF0A241024D5E900013C2681468B46CA
:10084000642A18BF692A05D1002903DAD9F1000901
:100850006BEB4B0BBBF1000F08BFB9F1000F0CD1D4
:10086000286B50B9082C36D195F83800000732D5DE
:1008700030203B2687F83B002DE0E31748465946D9
:10088000224603F0E5F9A4FB0023A9EB0202303273
:10089000A6F1010AD2B256463A2A03DB9DF800308F
:1008A000513B9A180AF8072081465FEA010B08BFFE
:1008B000B9F1000F03D0E868F1198842DDD3082CA4
:1008C00009D195F83800000705D5F05D302802D031
:1008D000761E3020F055C6F13C00A861F119E960A0
:1008E000296B884208DA081A28624FF6EF71288FC0
:1008F00008402887BDE8F38E00290ED595F83810FA
:1009000001F01401102908D1696B6A69891A2A6AF1
:10091000891A081A0128A8BF2862BDE8F38E0000D2
:100920002DE9F04F07468FB08B46D7E90001CDE99E
:10093000020104AE4BF0200061280BD0386B002878
:1009400048BF062005D404BF4BF02000672801D122
:10095000012038637968C1F30A5040F2FF72904277
:100960001AD1080304BF3868002808D10320B861F1
:10097000ABF161001A2835D30FF2346107E0032090
:10098000B861ABF161001A2829D30FF21C61F86835
:10099000032200F09DFDB6E1012816DA384603F087
:1009A000CEF9012811DB002400204BF02001612941
:1009B0001FD1F968302201F8012B4A1CFA60BBF103
:1009C000610F0CBF782258220FE07A6840F2FE31A6
:1009D00061F31E52441A7A604FF0FF30E5E70FF2E0
:1009E000C451D4E70FF2C451D1E70A707969891C68
:1009F000796110B9002500247DE14BF020006128C9
:100A000040F09580386B00284CBF2125451CDDE95E
:100A100002012DB26E1CD7E900890022002303F0E9
:100A2000AFF93ABF89F00040CDE90280CDE90289F3
:100A3000241F8DF810200DF1110A01E000F2070AC1
:100A4000012E32DBDDE902010022002303F0B0F9C0
:100A50002BD21C2102A801F027F8DDE90201F9F7E9
:100A6000D3FCF61F8046012E09DB02F04DFD024645
:100A70000B46DDE9020103F0B3F9CDE902010AF208
:100A80000700072105E008F00F0200F8012D4FEAEA
:100A90002818B8F1010F01DB491EF4D5491E5CBFCF
:100AA000002200F8012DF9D5C8E70DF11100AAEBDD
:100AB00000010DF11106A942B8BF0D462DB2280064
:100AC0002ED4884206DA04A9411849780829A8BF1B
:100AD0000F2100DA002104AA821800E06D1E12F82E
:100AE0000139401E8B42F9D00F2904D104A94118C5
:100AF0004A78521C4A70002802D504AE6D1C241D91
:100B00002DB2681E0CD48119ABF13A030A78303249
:100B1000D2B23A2AA8BF9A1801F80129401EF5D589
:100B2000386B002840F1E780681E3863E3E0DDE9B8
:100B300002010022002303F023F93CBF81F00041B1
:100B4000CDE9020124B247F2975060434849DFF8EB
:100B500024A190FBF1F424B2C4F107050026012D75
:100B600019DBDDE90289E80707D5324653464046DE
:100B70004946F9F76BF9804689466D103046514673
:100B800032465346F9F762F906468A46002DEAD105
:100B9000CDE9028921E06D429046DFF8DC9012E059
:100BA000E80707D53246534640464946F9F74EF91D
:100BB000804689466D103046514632465346F9F715
:100BC00045F906468A46002DEAD1DDE90201424692
:100BD0004B46F9F7DBFACDE902014BF0200066281D
:100BE0000CBF04F10A000620396B4518142DA8BF6C
:100BF000132530208DF810000DF11106DFF87C90E0
:100C0000012D3DDBDDE90201F9F714FC06F10801D5
:100C100004220A23B0FBF3F303EB8306A0EB4600A8
:100C2000303001F8010D0A20B3FBF0F000EB800634
:100C3000A3EB4603303301F8013D521EE9D1083DD4
:100C400001F10806012DDBDBDDE90201F9F7F2FB1A
:100C500002F064FC02460B46DDE9020103F0C0F835
:100C600000224B46F9F7F2F8CDE90201CAE700BFCE
:100C7000A0860100000024400000F03F84D7974187
:100C80000DF11100301A0DF1110602E0401E641E34
:100C9000761C31783029F9D04BF02001662902D139
:100CA00024B2611C03E065290CBF012100213A6BCD
:100CB0008D182DB2A842B8BF05462DB229001AD40E
:100CC000814204DA885D3528A8BF392000DA302057
:100CD0008A19521E00E06D1E12F80139491E834226
:100CE000F9D0392802D1885D401C8855002902D5E9
:100CF000761E6D1C641C24B200942BB232465946F9
:100D0000384600F003F80FB0BDE8F08F2DE9F0434E
:100D1000054685B01E46D5F8308089461746012E17
:100D200002DA01260FF28C2749F02000BDF930408D
:100D3000662808BF641C17D0672840F0818014F132
:100D4000040FC0F28380444580F2808095F838001B
:100D5000641C000702D44645B8BFB04624B2B8EBC5
:100D6000040848BF4FF00008E868A96924B2012CC4
:100D700025DA30234A1C0B54B8F1010F03DA95F839
:100D80003810090702D52E211154521CAA6118EB04
:100D9000040FB8BFC8F1000424B26142A0446962E4
:100DA000B045B8BF464636B2EE613246AB69394609
:100DB000181800F08DFBA8EB0600A862C0E0081828
:100DC000A64218DA3246394600F082FBA96971184A
:100DD000A961A01B6862B8F1010F03DA95F8380029
:100DE000000705D5EA682E208854E869401CE861B0
:100DF000C5F82880A4E02246394600F069FBA869BE
:100E00002018361BB8F1010F03DA95F838100907DE
:100E100003D5EA682E218154401C36B2A861B04542
:100E2000B8BF4646EB6836B23246E119C01800F04A
:100E30004FFBA8693018A861A8EB060068627FE044
:100E4000B9F1610F16D14FF0700918E0464504DA88
:100E500095F83810090758BFB046B8F1010848BFE7
:100E60004FF00008B9F1670F14BF4FF045094FF07C
:100E7000650904E0B9F1410F08BF4FF05009A969B5
:100E8000E86817F8013B0B544A1CB8F1010F05DA6A
:100E900095F83810090758BFAA6117D52E211154AB
:100EA000531CAB61B8F1010F10DB761E36B2B045B2
:100EB000B8BF464636B232463946181800F008FB2D
:100EC000A8693018A861A8EB06006862A869E968FB
:100ED0004718200007F8019B03D42B2007F8010BCB
:100EE00003E02D2107F8011B644200260DF10808DC
:100EF00008E00A2200A803F033F8019808F8010B73
:100F0000761C009C21B20129F3DA022E06DA49F0A0
:100F10002000652804BF302007F8010B4EB93020AF
:100F200007F8010B07E0761E02A8305C303007F8A6
:100F3000010B012EF7DAA869E9684018381AE86150
:100F400095F8380000F0140010280DD16869A969DF
:100F50000818696A0818E9690818A96A0818696B05
:100F60008842BCBF081A286205B0BDE8F083F8B516
:100F700004460D4616461F46002004E0E86A401C61
:100F8000E8627F1E002047B116F8011BA868A04741
:100F9000A8600028F2D14FF0FF30F2BD686A6C748F
:100FA0007A4C00006E616E004E414E00696E660024
:100FB000494E460030000000DFF8A802006850F0FB
:100FC0000100DFF8A0120860DFF89C020068DFF87B
:100FD0009C120840DFF890120860DFF88802006871
:100FE000DFF88C120840DFF87C120860DFF874022A
:100FF000006830F48020DFF86C120860DFF86802C7
:10100000006830F4FE00DFF8601208600020DFF8AE
:10101000641208607047DFF84C12096831F48031BF
:10102000DFF840221160DFF83C12096831F48021BA
:10103000DFF830221160B0F5803F03D0B0F5802F8B
:1010400009D011E0DFF81C02006850F48030DFF8AE
:101050001412086008E0DFF80C02006850F4A020C9
:10106000DFF800120860FFE7704700227E4B1B6824
:101070001A0032F47C12084302437B480260704736
:10108000C0B27D49086070470021774A126811009C
:1010900089088900014374480160704772480068FC
:1010A00010F00C00704700216F4A1268110031F0F7
:1010B000F00101436C480160704700216A4A1268E0
:1010C000110031F4E061014367480160704700217D
:1010D000654A1268110031F4605151EAC00162485A
:1010E000016070470021604A1268110031F44041EC
:1010F00001435D480160704730B4002200210023A5
:101100000024594D2D6815F00C052A00002A04D042
:10111000042A05D0082A06D021E05949016020E0C0
:10112000574901601DE05049096811F47011890C9C
:10113000891C4D4A126812F48033002B03D1514AA6
:10114000514301600AE0484A1268920303D54D4AB0
:101150005143016002E04A4A5143016001E04849BD
:1011600001604149096811F0F00212094649545CD6
:101170000168E14041603C49096811F4E062120AEB
:101180004149545C4168E14081603749096811F484
:101190006052D20A3C49545C4168E140C160324926
:1011A000096811F44042920B3849545CC168B1FBA4
:1011B000F4F1016130BC7047C9B2002905D034494F
:1011C000096808433249086005E03149096831EA95
:1011D00000002F4908607047C9B2002905D02D4989
:1011E000096808432B49086005E02A49096831EA83
:1011F0000000284908607047C9B2002905D0264977
:10120000096808432449086005E02349096831EA70
:101210000000214908607047C0B22049086070474B
:1012200010B4002200230021C0B24409E4B222001D
:10123000012A02D10B490B6806E0022A02D10F49AC
:101240000B6801E016490B68C0B210F01F0233FAB8
:1012500002F0C00701D5012100E000210800C0B262
:1012600010BC704700100240041002400000FFF85C
:10127000FFFFF6FE081002406000424220100240CC
:1012800000127A0000093D00106E0108A8700108E4
:10129000181002401C100240101002404C00424244
:1012A000241002402DE9F04385B004000D00002019
:1012B000002600275FF000085FF00009A146218AA0
:1012C00008004CF6FF710840E98808432082A08995
:1012D0004EF6F3110840A9882A8911436A891143FF
:1012E0000843A081A08A4FF6FF410840A98908431E
:1012F000A08200A8FFF700FF1048814501D1039E9E
:1013000000E0029E192000FB06F029688900B0FB6E
:10131000F1F76420B7FBF0F000010109642202FB41
:1013200011785FEA081132316422B1FBF2F111F059
:101330000F010843208105B0BDE8F083003801406B
:1013400010B40022038A1A004FF2FF031A400B88E0
:101350004C8823438C882343C98819430A4302825B
:1013600010BC7047C9B2002904D0818951F40051E2
:10137000818104E081894DF6FF72114081817047BF
:1013800070B4002400250026002303000800C0B22A
:101390004009C0B2040089B211F01F00050001200D
:1013A000A8400600012C01D10C3304E0022C01D12D
:1013B000103300E01433D2B2002A03D0186830434F
:1013C000186002E01868B043186070BC70470022D3
:1013D0000088084201D0012200E000221000C0B2C3
:1013E000704770B40A000024002300250021160075
:1013F000F6B27609F6B2350092B212F01F0633004B
:10140000012616FA03F3012D02D181890B4006E073
:10141000022D02D1018A0B4001E0818A0B4092B279
:10142000140AA4B2012111FA04F400880440002B2C
:1014300003D0002C01D0012100E000210800C0B23F
:1014400070BC70470022002389B2090A0A000121FA
:1014500091400B009BB2D94301807047421A3CBFB8
:10146000801A89184FF0004CC0F3C752FF2A24D0CD
:10147000C1F3C75313B3D21AD2F1190327DD4CEAD3
:1014800001214CFA03F321EA0303D140C20D4CEAD7
:101490000020401834BF20EA0C004CEA5000D2056E
:1014A00053EA006373EB0C0C52EB1020420012F174
:1014B000807F38BF7047C00DC0057047490212BF1A
:1014C0009A4200EB5120F8E7D2F11703D9D57047C3
:1014D00062B38B0708D0521E11F8013B00F8013BA4
:1014E00000F024808B07F6D1830740F0208000BFF6
:1014F000103A07D330B4B1E83810103AA0E83810E9
:10150000F9D230BC530724BFB1E80810A0E8081096
:1015100044BF51F8043B40F8043BD20724BF31F8E4
:10152000022B20F8022B44BF0B7803707047083A57
:1015300007D3B1E80810083A40F8043B40F804CB60
:10154000F7D25307E4E700002DE9F14D87B00546D7
:101550000C4690469A4607A802F009FD8346BAF168
:10156000000F1CBF0021CAF8001020F0080001285D
:1015700034D10220009004AB07992246284602F09D
:101580008FFD040003D10020CDE902001DE0059885
:1015900001F0BAFFCDE90201022C16DB06AE671E90
:1015A000384DDDE9020100222B46F8F74FFCCDE96A
:1015B000000156F8040B01F0A7FFDDE9002301F05C
:1015C000F5F9CDE902017F1EEBD1049800EB08028A
:1015D000DDE90201534602F09CFE42E0022835D1CB
:1015E000009004AB07992246284602F069FF0400E8
:1015F00003D10020CDE902001DE0059801F084FF31
:10160000CDE90201022C16DB06AE671E1E4DDDE998
:10161000020100222B46F8F719FCCDE9000156F82B
:10162000040B01F071FFDDE9002301F0BFF9CDE902
:1016300002017F1EEBD1049902A800F035FADDE922
:1016400002015346424602F064FE0AE0032802D13A
:1016500000200E4905E0042806D14FF0FF306FF05E
:101660000041CDE9020102E00020CDE902005FEA7D
:101670000B70DDE9020148BF81F0004108B0BDE810
:10168000F08D000065CDCD410000B0410000F07F3D
:10169000002359E70278C9B28A421AB11CBF10F878
:1016A000012FF9E718BF002070470000C9B2830777
:1016B00006D0521E22D310F8013B9942F7D11FE009
:1016C000083A13D302F1040241EA012141EA01413F
:1016D00050F8043B121F21BF4B40A3F1013C2CEA00
:1016E000030C1CF0803FF3D0C9B2001F083210F881
:1016F000013B521E28BF91EA030FF8D818BF012002
:10170000401E70472DE9F04182B080460E001D4614
:1017100008BF00AE474600E07F1C3878A0F1090101
:101720000529F9D32028F7D02D2816BF2B2817F824
:10173000014B2B243146384600F036F83268974288
:1017400008BFC6F80080326890450AD1002908BF5A
:10175000002814D12D2C22D1404261EB4101BDE87B
:10176000FC812B2C03D14FF00043994207D22D2C42
:10177000F0D1B1F1004FEDD301D80128EAD302F046
:101780009FFF222101600DB1012028602D2C07BF91
:1017900000204FF000414FF0FF306FF00041BDE8F6
:1017A000FC810023AEE700002DE9F84F86B08346A8
:1017B0000F4615460BB1002018605E4600E0761C0F
:1017C0003078A0F109010529F9D32028F7D02D2878
:1017D00016BF2B2816F801AB4FF02B0A002D55D45D
:1017E000012D53D0252D51DA012D0ADB102D04BF18
:1017F0003078302802BF707840F0200078280ED171
:101800000AE03078302818BF0A2508D1707840F0F7
:101810002000782802D11025B61C00E00825039688
:1018200000E0761C30783028FBD00024A046CDE9BB
:1018300004480FF2D800029600948DF804004FEA95
:10184000E57913E09DF80410401AC0B20090CDE98C
:10185000044800AAA5FB040105FB0811127809FB46
:1018600004110023841841EB0308761C3178A1F1A0
:1018700041001A2838BF20312A460FF29000FFF7A6
:1018800015FF0028DED10398B04205D10FB1C7F88B
:1018900000B00020002134E00FF298010298695C4A
:1018A000301A401A23D4012814DA00A80021007845
:1018B000201A68EB010188450CD301D8844209D372
:1018C0002A46EB1702F0C4F9DDE90423994208BF68
:1018D00090420CD002F0F4FE22210160069810B173
:1018E0000699012008604FF0FF34A04605E0BAF1E8
:1018F0002D0F02D1644268EB480807B13E602046D4
:10190000414607B0BDE8F08F00234DE73031323358
:101910003435363738396162636465666768696A89
:101920006B6C6D6E6F707172737475767778797A8F
:101930000000000000004129211C1917161514137E
:1019400012121111111010100F0F0F0F0E0E0E0E9C
:101950000E0E0E0D0D0D0D0D0D0000002DE9F14DBB
:1019600087B005460C4690469A4607A802F0FFFA53
:101970008346BAF1000F1CBF0021CAF8001020F006
:101980000800012834D10220009004AB07992246B8
:10199000284602F085FB040003D10020CDE90200B7
:1019A0001DE0059801F0B0FDCDE90201022C16DB27
:1019B00006AE671E384DDDE9020100222B46F8F71E
:1019C00045FACDE9000156F8040B01F09DFDDDE973
:1019D000002300F0EBFFCDE902017F1EEBD104985C
:1019E00000EB0802DDE90201534602F092FC42E0FE
:1019F000022835D1009004AB07992246284602F010
:101A00005FFD040003D10020CDE902001DE0059830
:101A100001F07AFDCDE90201022C16DB06AE671E4D
:101A20001E4DDDE9020100222B46F8F70FFACDE941
:101A3000000156F8040B01F067FDDDE9002300F01A
:101A4000B5FFCDE902017F1EEBD1049902A800F099
:101A50002BF8DDE902015346424602F05AFC0AE047
:101A6000032802D100200E4905E0042806D14FF0DA
:101A7000FF306FF00041CDE9020102E00020CDE926
:101A800002005FEA0B70DDE9020148BF81F000410E
:101A900008B0BDE8F08D000065CDCD410000B0413B
:101AA0000000F07F002359E770B504460D466068DA
:101AB000C0F30A5040F2FF71884207D1606800030A
:101AC00004BF2068002817D0022070BD20B920462E
:101AD00002F035F9012867DA012D0FDB40F2FF71C2
:101AE000091A8D420AD36068002847BF00202F4999
:101AF00000202F49C4E90001012070BD4142A942E4
:101B0000616806DA6FF31E51401941EA00506060C7
:101B100041E0401E63680122451962F31F5305F13D
:101B2000350001F000416360352803D36160002077
:101B3000206070BD002215F11F0F04DA22682360B7
:101B4000002020356060684213D0521E2568924103
:101B5000C0F12003D2439D4045EAD27225686668F1
:101B6000C54006FA03F32B432360636823FA00F0B1
:101B70006060606808436060B2F1004F03D80DD127
:101B80002078C0070AD52068401C2060206828B94A
:101B90006068401C60604FF0FF3070BD6068884234
:101BA00004BF20680028F6D1002070BD0000F0FFBF
:101BB0000000F07F10B5044610460A460146204654
:101BC00002F084FD204610BD80B54949884203D00B
:101BD000484988420BD015E001215FF40010FFF75F
:101BE0000BFB00215FF40010FFF706FB0AE0012168
:101BF0005FF48000FFF700FB00215FF48000FFF737
:101C0000FBFAFFE701BD2DE9F04385B004000D00AC
:101C10005FF0000900260427DFF8DC80A0888146F9
:101C20004FF6C07010EA090900A8FFF765FA02989C
:101C300080463248B8FBF0F0060056EA0909A4F8DD
:101C4000049020884FF6FE71084020805FF0000964
:101C5000E8682B4988420CD2E8684000B8FBF0F7EE
:101C6000BFB2042F00DA042757EA0909701C208448
:101C700024E068884BF6FF71884205D1E8680321AB
:101C80004843B8FBF0F706E0E86819214843B8FB81
:101C9000F0F757F48047380501D157F0010757F4A2
:101CA000004050EA0909B6B24FF4967000FB06F006
:101CB0004FF47A7190FBF1F0401C2084A4F81C9042
:101CC000208850F001002080B4F800904FF6F530E5
:101CD00010EA09092888E988084350EA0909A4F8A4
:101CE00000902889A9880843208105B0BDE8F083C9
:101CF000005400400058004000127A0040420F009B
:101D0000A1860100C9B2002904D0018851F0010167
:101D1000018004E001884FF6FE7211400180704797
:101D2000C9B2002904D0018851F48071018004E017
:101D300001884FF6FF62114001807047C9B2002947
:101D400004D0018851F40071018004E001884FF64D
:101D5000FF52114001807047C9B2002904D00188A8
:101D600051F48061018004E001884FF6FF32114098
:101D700001807047C9B201827047008AC0B27047C3
:101D8000D2B2002A02D051F0010101E011F0FE01AF
:101D9000C9B20182704770B40023002400250022DC
:101DA000868A3400008B05002D0455EA04000002E9
:101DB000000A03008B4201D1012200E00022100042
:101DC000C0B270BC70472DE9F04104000D00160050
:101DD0001F005FF0040801F0C9FAB5FBF4F004FB42
:101DE0001050002809D1280001F0D4FA8046B8F13B
:101DF000040F02D05FF0FF3014E0002400E0241D47
:101E0000BC420CDAA159601901F0F6FA8046B8F12B
:101E1000040FF4D001F0B5FA5FF0FF3002E001F0FA
:101E2000B0FA0020BDE8F08110B4002302E01C5895
:101E30005C545B1C9342FADB002010BC704701E04D
:101E4000491C521E72B10B7890F800C09C4505D019
:101E500002D24FF0FF3070470120704710F8013B6D
:101E6000002BEDD10020704780B5FFF7A5F85FF497
:101E70008030FFF7D0F83120FFF7D2F90028FAD0F0
:101E8000022001F053FA0020FFF70DF95FF4E01192
:101E90005FF48030FFF7E9F84FF48040FFF722F954
:101EA0000120FFF7EDF83920FFF7BAF90028FAD042
:101EB0000220FFF7E9F8FFF7F1F80828FBD14FF40B
:101EC0008060FFF7FAF80020FFF701F9102001F019
:101ED0003DFA0120FFF7A0F901BD80B54FF4A04104
:101EE0005FF0006002F077FC4FF4E06002F022FC4B
:101EF00005208DF8000000208DF8010000208DF8ED
:101F0000020001208DF8030000A802F01AFC4FF433
:101F1000C06002F00FFC25208DF8000001208DF834
:101F2000010000208DF8020001208DF8030000A8B8
:101F300002F007FC26208DF8000001208DF801003A
:101F400004208DF8020001208DF8030000A802F0A3
:101F5000F8FB27208DF8000001208DF801000520F6
:101F60008DF8020001208DF8030000A802F0E9FBC3
:101F700034208DF8000001208DF8010006208DF836
:101F8000020001208DF8030000A802F0DAFB1C20FB
:101F90008DF8000000208DF8010001208DF802006E
:101FA00000208DF8030000A802F0CBFB1E208DF866
:101FB000000000208DF8010001208DF802000020B3
:101FC0008DF8030000A802F0BCFB36208DF800005D
:101FD00004208DF8010001208DF8020000208DF80A
:101FE000030000A802F0ADFB06208DF800000220DF
:101FF0008DF8010000208DF8020000208DF803000C
:1020000000A802F09EFB07208DF8000003208DF849
:10201000010000208DF8020000208DF8030000A8C8
:1020200002F08FFB17208DF8000001208DF80100D1
:1020300000208DF8020000208DF8030000A802F0B7
:1020400080FB28208DF8000001208DF80100012080
:102050008DF8020001208DF8030000A802F071FB4A
:1020600001BD80B57FF0040002F002FC00220021D7
:102070008F4802F0B6FB42F2283002F009FC012042
:1020800002F009FC012002F01DFC01BD80B5012118
:1020900040F2FD10FFF790F84FF48050ADF80000CB
:1020A00004208DF8030000A98248F8F793FA40F263
:1020B000C310ADF8000010208DF8030003208DF848
:1020C000020000A97B48F8F785FA44F60100ADF854
:1020D000000004208DF8030000A97748F8F77AFA89
:1020E0004AF22200ADF8000010208DF80300032012
:1020F0008DF8020000A97048F8F76CFA4FF6FF70EF
:10210000ADF8000010208DF8030003208DF80200C8
:1021100000A96A48F8F75EFA4FF44060ADF8000095
:1021200004208DF8030000A96448F8F753FA48F238
:102130002F00ADF8000010208DF8030003208DF86B
:10214000020000A95E48F8F745FA47F6D070ADF8EE
:10215000000004208DF8030000A95948F8F73AFA66
:102160004FF6FF70ADF8000010208DF8030003203B
:102170008DF8020000A95348F8F72CFA4FF6FF70CB
:10218000ADF8000010208DF8030003208DF8020048
:1021900000A94D48F8F71EFA43F6FF70ADF80000AD
:1021A00010208DF8030003208DF8020000A9474895
:1021B000F8F710FA4FF48040ADF8000004208DF8D5
:1021C000030000A94148F8F705FA01BD80B50122D6
:1021D0004FF400613D48F8F76FFA01224FF4805147
:1021E0003648F8F769FA01224FF400513348F8F7FE
:1021F00063FA01224FF480413048F8F75DFA00217C
:102200003148F8F762FA00212E48F8F75EFA00220A
:1022100001212B48F8F750FA002202212848F8F74C
:102220004BFA002204212648F8F746FA002208213A
:102230002348F8F741FA002220212148F8F73CFA18
:10224000012220211C48F8F737FA012220211B48DF
:10225000F8F732FA012240211848F8F72DFA012246
:1022600001211648F8F728FA012202211348F8F74D
:1022700023FA01224FF480710E48F8F71DFA01226B
:1022800001210C48F8F718FA002280210948F8F7D4
:1022900013FA012202210748F8F70EFA00200C4930
:1022A000086000200A49486000200A49086001BD12
:1022B0009AC3020000080140000C014000100140D8
:1022C0000014014000180140001C014000200140A2
:1022D000383300205033002080B5FFF7C5FDFFF7ED
:1022E000C0FEFFF7FAFDFFF7D1FEFFF76FFF02F028
:1022F00028FB002000F01BF8002000F035F8F7F76D
:10230000DFFAF7F787FBF7F70DFCF7F793FC01F01F
:10231000C8F901F072FCFDF779FC6420F9F7BCFC08
:1023200002F052FC02F022FD01F090FA01BD1CB552
:1023300004000B210320F8F7CBF94FF40060009064
:1023400000208DF8040010208DF80500E4B2012C67
:1023500003D101208DF8060002E000208DF8060070
:1023600000A802F031FD13BD1CB504000E210620AB
:10237000F8F7AEF94FF48040009000208DF804008B
:1023800010208DF80500E4B2012C03D101208DF856
:10239000060002E000208DF8060000A802F014FDFF
:1023A00013BD30380A288041C00F704710B4002296
:1023B000002302E01C5CA2185B1C8B42FADB1000BD
:1023C000C0B210BC7047F8B514001D0000260027ED
:1023D00000220023AC4663465FEA252C62465FF08C
:1023E000020C84F800C05FF0010C84F801C0A070FA
:1023F000E3702271052006002A003019F8F7BEF8B4
:10240000AE19711E601DFFF7D1FF07000323FFB255
:102410003A00DFF8CC123019F7F738FAF61C300022
:10242000F2BD70B504000D00002603E0305DF7F743
:1024300060FB761CAE42F9DB002070BD30B583B086
:10244000040000250020019000208DF8000000AA63
:1024500073A1DFF89002F6F7D7FC01AADFF8881223
:10246000DFF88802F6F7D0FC9DF80000E4B2844261
:1024700003D10198002800D1012528003EBDF8B500
:1024800000240025002600276420F8F790F8802219
:1024900000219748FFF78EFB02E00120F8F787F84C
:1024A000B5F5967F29D26D1CF7F707FB0028F4D00D
:1024B000F7F70DFB8E496054C0B2022807D1002CFB
:1024C00005D1F6B2002E02D1012600250BE0F6B2AE
:1024D000012E08D18649C978091D8C4203DBC0B2A0
:1024E000032800D10127F6B2012E00D1641CC0B22E
:1024F0000328D2D1FFB2012FCFD17D480078C0B2DE
:10250000022802D05FF0FF300AE07948201810F866
:10251000010CC0B2032802D05FF0FF3000E02000C1
:10252000F2BD10B50024802200217248FFF742FB63
:10253000802200217048FFF73DFB01226F496D4862
:10254000F7F7A4F96B48F8F76DFE03006A4A69498A
:102550003020FFF738FF040021006748FFF761FFD4
:102560005FF0FF3010BD10B50024802200216148CB
:10257000FFF720FB802200215F48FFF71BFB0022B2
:102580005E495C48F7F782F95A48F8F74BFE0300BA
:10259000594A58493020FFF716FF040021005648D9
:1025A000FFF73FFF5FF0FF3010BD2DE9F04186B02F
:1025B00004000D0016001F005FF0000880220021BB
:1025C0004C48FFF7F7FA802200214B48FFF7F2FA58
:1025D0000F9805900E9804900D9803900C98029017
:1025E000BFB20197B6B20096E4B22300EDB22A0062
:1025F00043494048F7F74AF93E48F8F713FE03000D
:102600003D4A3C491020FFF7DEFE804641463A48ED
:10261000FFF707FF5FF0FF3006B0BDE8F081000074
:10262000256300002DE9F04385B004000D0016007D
:102630001F005FF0000800200290002001900020A1
:1026400003905FF00009802200212A48FFF7B2FAC8
:10265000802200212848FFF7ADFAF7F75CFAE4B2D0
:10266000220026492348F7F711F92248F8F7DAFD46
:102670000300214A1F495020FFF7A5FE8146494625
:102680001D48FFF7CEFEFFF7FAFE8046B8F1010FB6
:1026900020DB5020FFF7D2FE002807D003A80090CF
:1026A00001AB02AA17491848F6F7AEFB029828605A
:1026B0000198002804D001980A2190FBF1F03060C5
:1026C0003068012802DA0120386001E0002038601B
:1026D000002001E05FF0FF3005B0BDE8F0830000AE
:1026E000886F01089A2C0020906F01089D2C002013
:1026F000982C0020182D0020982D0020986F01089C
:10270000C8680108706D01089E2C002010B40022DA
:102710000023002402E0225CD318641C8C42FADB04
:102720001A001000C0B210BC704730B585B004006C
:102730000025402200218E48FFF73CFA8D48F8F72B
:1027400071FD05008B4804900395E4B202940020CB
:102750000190A2200090A123022287498448F7F724
:1027600095F88348F8F75EFD0500691E8348FFF77A
:10277000CDFF0323C0B2020081497D482818F7F736
:1027800085F87B48F8F74EFD0500280005B030BD00
:102790007CB5040000200190002500200090002658
:1027A00001AA78497848F6F72FFB00AA77497848BC
:1027B000F6F72AFB01980600E4B2F6B2B44203D160
:1027C0000098002800D10125280076BDF8B5002426
:1027D0000025002600270A20F7F7E9FE4022002105
:1027E0006C48FFF7E7F902E00120F7F7E0FEB5F5E6
:1027F000967F24D26D1CF7F770FA0028F4D0F7F713
:1028000076FA64496054C0B2022807D1002C05D181
:10281000F6B2002E02D10126002506E0F6B2012E06
:1028200003D1C0B2032800D10127F6B2012E00D196
:10283000641CC0B20328D7D1FFB2012FD4D15548B0
:102840000078C0B2022802D05FF0FF300AE05148A1
:10285000201810F8010CC0B2032802D05FF0FF303E
:1028600000E02000F2BD10B50400402200214148E4
:10287000FFF7A0F9220048493E48F7F707F8A720DC
:10288000FFF753FF3A48F7F756FA5FF0FF3010BDF5
:1028900007B586B0FC2200214048FFF78BF94022A3
:1028A00000213448FFF786F99DF8210005909DF836
:1028B00020000490BDF81E000390BDF81C0002909B
:1028C0009DF81B0001909DF81A0000909DF81930AA
:1028D0009DF8182032492748F6F7D8FFA820FFF7BF
:1028E00024FF2348F7F727FA5FF0FF3009B000BD57
:1028F000F0B585B004000D001600002700200390FD
:102900000020019000200290FC2200212348FFF7C4
:1029100051F9402200211748FFF74CF9AB20FFF78F
:1029200004FF1348F7F707FAFFF750FF0700012FDE
:102930001ADBAB20FFF72CFF002807D002A800907D
:1029400001AB03AA17491848F6F75EFA0398642109
:1029500090FBF1F020600198002801D001982860D8
:1029600002983060002001E05FF0FF3005B0F0BD5C
:102970006C3000202C300020E06901086D30002010
:10298000E06F0108E86F0108F32F0020F06F0108E5
:10299000F92F0020EC2F0020F86F01089C2B00205D
:1029A00034690108A06D0108FA2F002070B44FF0BF
:1029B000004591EA030C44BF6B4001F01BBA00BF15
:1029C000841A71EB030603D2001BB1411219734143
:1029D0004FF4001C1CEB410F34BF7CEB430443E07D
:1029E0000C0DA4EB1356352E50DC45EAC323DB0A4D
:1029F00045EAC121C912B6F120050DDD63FA05F6DD
:102A0000EB4086EA0305124218BF45F00105C018E5
:102A100051F100010CD213E062FA06F5F240554084
:102A2000F3415A40B340F3405A408018594107D30C
:102A300049085FEA30005FEA350528BF45F0010527
:102A400001F58011420875F1004250F1000041EBA0
:102A5000045170BC4FF4001C1CEB410F38BF704791
:102A60000020090D090570471CEB410F10D252EAF6
:102A700043060BD0BCEB410F05D80C0DAB43661ED3
:102A8000342EB5DD02E0AB438018594170BC70476D
:102A900070BC704780B500A900220A60DFF80C18EE
:102AA000097808438DF80000012200A9DFF800082A
:102AB000007802F0ABFA01BD10B5040054F0040038
:102AC000C0B2FFF7E7FF0120F7F771FD14F0FB003C
:102AD000FFF7E0FF0120F7F76AFD10BD10B5040015
:102AE0002000C0B2FFF7D6FF2000C0B2FFF7E4FF1E
:102AF00010BD38B50C0010F0F001050154EA0100DA
:102B0000C0B2FFF7EBFF54EA0500C0B2FFF7E6FFE3
:102B100031BD80B50021C0B2FFF7EBFF01BD80B52C
:102B20000121C0B2FFF7E5FF012002BD80B5012001
:102B3000FFF7EFFF0A20F7F73AFD01BD80B502204D
:102B4000FFF7E7FF0A20F7F732FD01BD30B585B08A
:102B500004000D0000A8DFF85C171022FEF7C8FC87
:102B6000DFF854070078EDB2A84203D2DFF8480737
:102B70000078451EEDB200A850F82500001950F06D
:102B80008000C0B2FFF7C5FF05B030BD80B5DFF8EB
:102B90002C07007850F00400DFF820170870DFF8E9
:102BA0001C07007850F00800C0B2FFF7B2FF01BD6B
:102BB00010B5DFF8FC462070DFF808070170DFF879
:102BC000F8060270DFF8000703700820DFF8DC1653
:102BD0000870002200214E2002F018FA002803D1CC
:102BE0004E20DFF8CC160870002200217E2002F073
:102BF0000DFA002803D17E20DFF8B416087010BD4E
:102C000080B502F047F90023042214214E20FFF77B
:102C1000CFFF0020DFF8B4160870DFF89C060078BC
:102C2000022807DBDFF8A406007850F00800DFF880
:102C30009C160870DFF89006007800280CD0DFF8AA
:102C400078060078012807D1DFF88006007850F078
:102C50000400DFF8781608703220F7F7A8FCDFF8D8
:102C60004C060078FFF716FF0A20F7F7A0FC30208B
:102C7000FFF734FF0A20F7F79AFC3020FFF72EFF0A
:102C80000A20F7F794FC3020FFF728FF9620F7F78B
:102C90008EFC2020FFF722FFDFF83006007850F08E
:102CA0002000C0B2FFF735FF0420DFF810160870CF
:102CB000FFF76CFFFFF73AFF0220DFF804160870F9
:102CC000DFF8FC05007850F00400C0B2FFF721FFE8
:102CD000FFF734FF00F014F801BD70B514001D00BB
:102CE000C9B2C0B2FFF732FF002604E0F6B2305D91
:102CF000FFF715FF761CF6B2EDB2AE42F6D370BD0B
:102D000010B598B008A8402102F0BAF900A8202117
:102D100002F0B6F90024FFF709FF1E2208A9DFF828
:102D2000B005FFF781F81E2108A8FAF7DDFD0400C1
:102D3000002C05D512222A2100A8FEF73BFF0CE04B
:102D4000002004E008A9415C00AA8154401C12281C
:102D500003DA08A9415C2A29F4D100AA9BA108A89A
:102D6000F6F794FD08A8F8F75DFAC0B2152800DB65
:102D700014200300DBB208AA00210020FFF7ADFFFA
:102D800000208DF82200DFF84C25DFF84C1508A84C
:102D9000F6F73AF818B010BD30B58BB004000D004E
:102DA00002A8202102F06CF92800F7F717F8CDE906
:102DB00000012000F7F712F802000B00DFF81C15E5
:102DC00002A8F6F763FD02A8F8F72CFAC0B215289E
:102DD00001DB142008E004E02021C0B202AA8154E3
:102DE000401CC0B21428F7DB142302AA01210020E2
:102DF000FFF773FF0BB030BD2DE9F0418EB0060038
:102E0000884617001C0005A8202102F039F9149DFE
:102E1000E4B2002C05D0022C29D016D3032C36D0D6
:102E200045E0159804904046F6F7D8FFCDE9020139
:102E30003000F6F7D3FFCDE90001EDB22A00DFF84C
:102E4000A01405A8F6F722FD31E04046F6F7C6FFCC
:102E5000CDE902013000F6F7C1FFCDE90001EDB286
:102E60002A00DFF8801405A8F6F710FD1FE04046A1
:102E7000F6F7B4FFCDE900013000F6F7AFFF02002E
:102E80000B00DFF8641405A8F6F700FD0FE04046DC
:102E9000F6F7A4FFCDE900013000F6F79FFF02002E
:102EA0000B00DFF8481405A8F6F7F0FCFFE705A8CB
:102EB000F8F7B8F9C0B2152801DB142008E004E0E7
:102EC0002021C0B205AA8154401CC0B21428F7DBEF
:102ED000142305AA3900C9B20020FFF7FEFE0EB088
:102EE000BDE8F08130B58BB004000D0002A82021B0
:102EF00002F0C6F82800F6F771FFCDE900012000C6
:102F0000F6F76CFF02000B00DFF8E41302A8F6F7F7
:102F1000BDFC02A8F8F786F9C0B2152801DB142021
:102F200008E004E02021C0B202AA8154401CC0B2D3
:102F30001428F7DB142302AA02210020FFF7CDFE9C
:102F40000BB030BD70B58AB005000E00140002A8A9
:102F5000202102F095F8032C0FD13000F6F73EFF48
:102F6000CDE900012800F6F739FF02000B00DFF879
:102F7000841302A8F6F78AFC0EE03000F6F72EFF65
:102F8000CDE900012800F6F729FF02000B00DFF869
:102F9000681302A8F6F77AFC02A8F8F743F9C0B262
:102FA000152801DB142008E004E02021C0B202AAA9
:102FB0008154401CC0B21428F7DB142302AA032159
:102FC0000020FFF78AFE0AB070BD000025730000E4
:102FD00010B588B0040000A8202102F051F80020AC
:102FE00004E02021C0B200AA8154401CC0B21428C1
:102FF000F7DB142300AA2100C9B20020FFF76DFE01
:1030000008B010BDF0B589B004000F00150000A88D
:10301000202102F035F80026002F0BD114222021A8
:1030200000A8FEF7C7FD142300AA03210020FFF724
:1030300054FEF0E0002C0ED0022C28D012D3042C29
:1030400033D02BD3062C37D013D3082C3BD017D337
:10305000092C3FD044E08BA28BA100A8F6F716FC08
:1030600001263DE089A288A100A8F6F70FFC012601
:1030700036E087A284A100A8F6F708FC03262FE01B
:103080009E4A81A100A8F6F701FC032628E081A250
:103090007DA100A8F6F7FAFB022621E07EA27AA124
:1030A00000A8F6F7F3FB02261AE07CA276A100A89E
:1030B000F6F7ECFB022613E0914A73A100A8F6F79D
:1030C000E5FB02260CE08F4A6FA100A8F6F7DEFBB5
:1030D000042605E072A26CA100A8F6F7D7FB05262E
:1030E00000A8F8F79FF80400012F04D01AD3032F8B
:1030F00011D008D316E0844A63A1E4B200A82018D6
:10310000F6F7C4FB0EE0814A5FA1E4B200A82018E4
:10311000F6F7BCFB06E063A25BA1E4B200A82018AE
:10312000F6F7B4FB00A8F8F77DF804005EA256A1FC
:10313000E4B200A82018F6F7A9FB00A8F8F772F887
:103140000400F6B2012E10D12800F7F743F97049B8
:1031500000F002FAF6F742FE02000B006D49E4B2FD
:1031600000A82018F6F792FB3DE0F6B2022E10D12F
:103170002800F7F72FF9684900F0EEF9F6F72EFE70
:1031800002000B006349E4B200A82018F6F77EFBAA
:1031900029E0F6B2032E10D12800F7F71BF95F499A
:1031A00000F0DAF9F6F71AFE02000B005949E4B212
:1031B00000A82018F6F76AFB15E0F6B2042E08D135
:1031C000EBB22A125649E4B200A82018F6F75EFBCB
:1031D00009E0F6B2052E06D1EAB25249E4B200A8DF
:1031E0002018F6F753FB00A8F8F71CF80400E4B227
:1031F000152C01DB142408E004E02020E4B200A92F
:103200006054641CE4B2142CF7DB142300AA0321DD
:103210000020FFF762FD09B0F0BD10B588B00400D2
:1032200000A8202101F02CFFE4B2002C0BD11422C5
:10323000202100A8FEF7BEFC142300AA03210020D1
:10324000FFF74BFD1BE0384A0FA100A8F6F71EFB65
:1032500000A8F7F7E7FFC0B2152801DB142008E04B
:1032600004E02021C0B200AA8154401CC0B214283E
:10327000F7DB142300AA03210020FFF72EFD08B07E
:1032800010BD00005663630025730000566464009F
:1032900056626C00496363004964640049626C00D3
:1032A0004C440000204F4E00204E4700F9330020D0
:1032B000F2330020606D0108F7330020F433002062
:1032C000F5330020F6330020F8330020F3330020DC
:1032D00004000508D8330020486F0108786A010807
:1032E000906A0108A86A0108C06A0108D86A010842
:1032F000F06A0108086B0108206B0108506F010893
:10330000586F0108606F0108686F0108706F01084D
:103310000000C842786F010800007A440000204194
:10332000206E0108806F0108106C0108DFF8701131
:10333000096811F03801DFF868211160DFF86011C9
:1033400009680843DFF8581108607047DFF850112A
:10335000096831F01001DFF848211160DFF84011F1
:1033600009680843DFF8381108607047DFF8340156
:10337000DFF834110860DFF83401DFF82C11086041
:103380007047DFF82C01006850F08000DFF8201152
:103390000860704738B50400042540F6FF7000F05F
:1033A0008DF80500EDB2042D23D1DFF8040100688B
:1033B00050F00200DFF8F8100860DFF8F800046051
:1033C000DFF8EC00006850F04000DFF8E41008601F
:1033D00040F6FF7000F072F80500EDB2012D08D044
:1033E000DFF8CC00006841F6FD710840DFF8C0103E
:1033F00008602800C0B232BD70B505000E0004247C
:103400000F2000F05BF80400E4B2042C2ED1DFF8AA
:10341000A000006850F00100DFF8941008602E80D2
:103420000F2000F04BF80400E4B2042C12D1300C51
:1034300068800F2000F042F80400E4B2012C15D09F
:10344000DFF86C00006841F6FE710840DFF860109C
:1034500008600BE0E4B2012C08D0DFF854000068EB
:1034600041F6FE710840DFF8481008602000C0B245
:1034700070BD042010490968C90701D501200CE07E
:103480000D480068400701D5022006E00A480068A0
:10349000C00601D5032000E00420C0B27047000040
:1034A000002002402301674504200240AB89EFCD94
:1034B00010200240142002400C20024038B50400C5
:1034C0000425FFF7D6FF050005E000F00FF8FFF731
:1034D000D0FF0500641EEDB2012D01D1002CF4D106
:1034E000002C00D105252800C0B232BD81B00020DB
:1034F0000090FF20009002E00098401E009000988D
:103500000028F9D101B07047010040F10980F4466C
:10351000404200F005F851F000416047010000BF53
:1035200009D0B0FA80F18840C91CC1F58461090551
:1035300001EBD0214005704790420CD141EA030CC9
:1035400050EA4C0C07D0994205D14FF4001C1CEBFB
:10355000410F38BF8942704710B5FF2313EAD0549A
:103560001DBF13EAD1529C429A4239E0A41ADA07ED
:1035700080EA0103134042EA012142EA0020421A94
:103580003CBF641E01EB4202090AB2FBF1FE01FBE3
:103590001E221202B2FBF1F001FB10226EF30F208B
:1035A0001202B2FBF1FE4EEA00207F3406DDFE2C53
:1035B00024DA53EA500050EBC45010BDD4F1020499
:1035C00001FB1E2240F08071192C1DDC21FA04F051
:1035D000C4F12004A140114371F10042584110BDD3
:1035E0009C421ABF03EAD1529A420FE080EA010ED0
:1035F0000EF00043400004D0490016D143F0FF40D4
:1036000010BD490008BFD343180010BD9C4205D12E
:10361000D21AF7D001F00041484010BD4A0212BF53
:103620000846484000F0004010BD4AB90902B1FA0E
:1036300081F2914044B1A418C00140F000409EE7DF
:10364000C90141F0004152420002B0FA80F4A040AA
:10365000141B94E738B504000D00002001F097F921
:10366000002201211848F7F727F8280080B201F05E
:10367000B9F9012201211448F7F71EF800220121AF
:103680001148F7F719F81020A04010F5604080B2FB
:1036900001F0A8F9012201210B48F7F70DF80020ED
:1036A00032BD80B5002001F072F9002201210648E8
:1036B000F7F702F84FF6FF7001F094F901220121AB
:1036C0000148F6F7F9FF01BD0010014010B582B0C6
:1036D0000021ADF802100021ADF800100024C0F365
:1036E000800151F006018DF8021080018DF8030071
:1036F000012001F04CF9002202215148F6F7DCFFCD
:103700009DF8020001F058F99DF8030001F054F90A
:103710008DF80000002001F04FF98DF80100012222
:1037200002214748F6F7C8FF9DF80000000210F498
:10373000706004009DF801000443200080B216BDB3
:10374000F0B402680025012308E092B250F823404B
:10375000A24202DA50F823201D005B1C8B42F4DBEE
:1037600002680024012308E050F8236092B29642D8
:1037700002DA50F823201C005B1C8B42F4DB002291
:103780000026002308E0A34205D0AB4203D050F846
:103790002370BE19521C5B1C8B42F4DB96FBF2F2C9
:1037A00092B21000F0BC70472DE9F043A1B00600C2
:1037B00014001D00002700A8802101F061FC2000FA
:1037C000290000221F4BF6F7E1FC04000D00300039
:1037D000C0B2FFF77BFF07005FF00009DDF8A080B3
:1037E0000BE03000C0B2FFF771FF00A941F82900DB
:1037F0006420F6F7CDFE19F10109C145F1DBB8F1FE
:10380000020F04DB414600A8FFF79AFF07003800CB
:10381000FFF77AFE06000F0000200B4922002B0064
:10382000F6F714FB02000B0030003900F6F70EFB30
:10383000F6F7EAFD0700380021B0BDE8F08300008C
:10384000001001400000B0400000594001206C49C8
:1038500008604FF47A706B49086000206A4908607C
:1038600000206A490860704780B5654800680128F3
:1038700008D0C0F0C48003283CD019D3042800F03D
:10388000B480BCE001F085FA012802D102205C4935
:1038900008605F484068002809D15E480078012828
:1038A00005D102205649086000205A490870A6E058
:1038B0000020FCF7F5FB58490860F7F78CFE00285C
:1038C0000FD10020FFF7A9FC01210020FBF7B1F97F
:1038D000002802D5FBF775FE08E00020FCF7E0FBAE
:1038E00004E00120FFF799FCFBF76BFE032044493D
:1038F000086084E001F04DFA012813D10120474906
:10390000087042480068401C404908604449096A00
:10391000491E884206DB04203949086000203F49DF
:1039200008706CE03B480078012805D10420344938
:10393000086000203749087038480078012803D013
:1039400038480078012832D134480078012812D153
:103950002D480068401C2C4908602F49096888429E
:1039600002DB00202849086027480068FCF798FB24
:103970002949086015E02B480078012811D1224818
:103980000068401E20490860002804D522480068CD
:10399000401E1D4908601C480068FCF781FB1E4959
:1039A000086000201D49087000201E490870F7F7C4
:1039B00012FE00280FD116484068002814D10020BC
:1039C000FFF72BFC01210020FBF733F90E480068BC
:1039D000FCF766FB08E00E484068012804D101208E
:1039E000FFF71BFCFBF7EDFD09E000210020FBF7D2
:1039F00020F9002801D5FBF7E4FDFFF727FF01BD03
:103A000054330020583300205C33002064330020FE
:103A1000383300201D340020603300201B34002088
:103A2000903200201C34002010B4028812F08F0263
:103A300002800288CB884C8823431A4302808A88FC
:103A400082850A880285012282821D4A904202D024
:103A50001C4A904201D1097A018610BC704770B4AB
:103A6000002300240022058C4EF6FF7635400584A5
:103A7000058C2C0085882A00858B2B0048F6FF7565
:103A80002B400D8853EA05234DF6FF752C400D8918
:103A900054EA05344D8854EA0534CD88A0F84050E6
:103AA000074DA84202D0074DA84204D19204920CBF
:103AB000898952EA811282808383048470BC7047B2
:103AC000002C014000340140C9B2002904D0018813
:103AD00051F00101018004E0018840F2FE32114002
:103AE00001807047D2B2002A03D0828911438181BC
:103AF00003E0828932EA0101818170470185828277
:103B00007047C9B2002904D0018851F080010180BA
:103B100004E0018840F27F321140018070470022AA
:103B2000838B1A004FF2FF731A4052EA01228283FC
:103B300070478184704789B2C9430182704730B4AD
:103B4000002200230024058A0D402B0080890840B4
:103B500004009BB2002B04D0A4B2002C01D001229F
:103B600000E000221000C0B230BC704789B2C943E7
:103B70000182704710B588B001210220FDF72CFBAF
:103B800040F2CF240220ADF8000018208DF8030089
:103B900003208DF8020000A92A48F6F71BFD4FF418
:103BA000FA70ADF80800ADF804400020ADF80A0046
:103BB0000020ADF8060001A92348FFF735FF60207B
:103BC000ADF810000120ADF81200FA20ADF8160093
:103BD0000020ADF8180004A91B48FFF740FF08219A
:103BE0001948FFF79CFF01211748FFF78AFF0121C1
:103BF0001548FFF769FF08B010BDE0B5012110209E
:103C0000FDF7EAFA4FF6FA70ADF804000020ADF8BF
:103C100000000020ADF806000020ADF8020000A969
:103C20000A48FFF701FF012220210848FFF766FF3D
:103C300001210648FFF748FF012201210348FFF751
:103C400051FF07BD000C014000040040001000407F
:103C50001B4213D1094236D12AB18446B0FBF2F09F
:103C600002FB10C2704701F00FBAFCD30022002300
:103C700070470B000200002100207047904271EB5A
:103C8000030CF6D370B5B1FA81F4B3FA83F52C1BAB
:103C9000A340C4F1200532FA05F63343A2405FF099
:103CA0000046E64002E05B085FEA3202841A71EBEC
:103CB000030524BF204629467641F4D302000B00B9
:103CC0003000002170BD012ACFD970B5140C20D06E
:103CD000B1FA81F4B2FA82F5C4F120046419B4F1A6
:103CE0002006D6D3B2405FF00044F440002502E045
:103CF00052085FEA3303C61A71EB020E24BF304646
:103D0000714664416D41F3D302000B00200029008D
:103D100070BD0C46B1FBF2F102FB11452D0445EAE2
:103D20001045B5FBF2F402FB145580B240EA05459C
:103D3000B5FBF2F002FB105240EA044070BD30B413
:103D4000436803F0004201211B031B0B436004BFC7
:103D50000368002B08D10DE00368DD0F45EA440439
:103D600044605B000360491E4468E302F4D523030A
:103D70001B0B436043681A434260084630BC7047DF
:103D80004FF4001C1CEB410F94BF1CEB430F09E0E8
:103D900041EA030C50EA4C0C52EA0C0C03D2994253
:103DA00008BF9042704714BF8B42824270470000A8
:103DB0004FF4001C1CEB410F94BF1CEB430F09E0B8
:103DC00041EA030C50EA4C0C52EA0C0C03D28B4231
:103DD00008BF8242704714BF99429042704700006A
:103DE00070B44FF0004591EA030F44BF6B40FEF7FB
:103DF000E7BD00BF841A71EB030604D26E40001BBE
:103E0000B141121973414FF4001C1CEB410F34BF38
:103E10007CEB430684E00C0DA4EB1356362E7DDCC0
:103E2000012E43DC45EAC32343EA525312BFD202B8
:103E300092025B08240545EAC12141EA5051D2EBC8
:103E4000C020994125D407D1B0FA80F610FA06F1C6
:103E500064D00020203608E0B1FA81F6B140C6F106
:103E6000200220FA02F21143B0404FEAF474B4EB9E
:103E7000465434F001064FEA74040AD8D6F5001609
:103E8000760D04F00044F04061FA06F25040F14033
:103E90004840C00A40EA415021F0004128BF5FEA93
:103EA000500550F1000044EBD12137E045EAC3232F
:103EB000DB0A45EAC121C90AB6F120050EDD42EA56
:103EC0000242120CC5F1200603FA06F6EB4042EA64
:103ED00006056D42984161F100010DE062FA06F5B8
:103EE000F240554063FA06FC82EA0C02F3405A4065
:103EF0006D42904161EB030111F4801F05D1641EF6
:103F0000620502D06D004041494121F4801143080F
:103F100075F1004350F1000041EB045170BC704753
:103F20001CEB410F15D223F0004352EA43060BD09D
:103F30004FEA4C0CBCEB410F04D80C0D661E342E1E
:103F4000B7DDEBE7801A994150EA410608BF00212E
:103F5000E4E708BF1CEB430F28BF6FF00001DDE76B
:103F600091FBF2F303FB1211C0E90031704770B40A
:103F700002681346002400E05B1C1D78A5F10906C9
:103F8000052EF9D3202DF7D02D2D0CBF08242B2D75
:103F900000D15B1C1D7845F020066E2E28D15B1CDD
:103FA00013F8014B44F02004612C02BF13F8014BBD
:103FB00044F020046E2C02D0134600224BE01C4635
:103FC00004222578282D46D114F8015FA5F1610659
:103FD0001A2EF9D3A5F141061A2E24BF303D0A2D21
:103FE000F2D325785F2DEFD0292D34D1631C32E038
:103FF000692E33D15B1C13F8015B45F020056E2D53
:1040000002BF13F8015B45F02005662D02D0134670
:10401000002220E01D4644F003022C7844F02004E6
:10402000692C02BF15F8014F44F020046E2C12D108
:1040300015F8014F44F02004692C02BF15F8014F18
:1040400044F02004742C06D115F8014F44F02004EC
:10405000792C08BF6B1CF1B10B601CE0302D02BF46
:10406000597841F02001782913D1991C0A782E2A19
:1040700008BF491C0978A1F16102062A21BFA1F1FC
:104080004102062A30390A2903D29B1C44F002025D
:1040900001E044F001020360104670BC704700006C
:1040A0002DE9F0478CB00D4614998046002001EBB5
:1040B000C1012E29A8BF2D2100261E605E6001E0EF
:1040C0006D1C01262F78302FFAD000270DF1000C3F
:1040D00004E01E68761C1E606D1C012695F800E049
:1040E000AEF130040A2C05D3BEF12E0F08BF6D1CB3
:1040F00087B90CE0B942ECDBAEF1300607F80C6092
:104100007F1CE9E71E68761E1E606D1C01262C7858
:10411000302CF7D02C78A4F1300EBEF10A0F11D359
:10412000B94225DA00AFCF5D052F06DB00AFCF190E
:1041300017F8014C641C07F8014C0F461968491C1C
:10414000196015E0B94207DBA4F1300600AC3E551A
:104150007F1C1E68761E1E606D1C0126DAE700A912
:10416000791811F8011C49B91968491C19607F1E9A
:10417000012FF4DA17B98DF800000127002E5ED068
:104180004FF0090E97FBFEFEC7F1090C0EEBCE0EA9
:10419000E6444FF0090C9EFBFCFC00210CEBCC0428
:1041A000BEEB04040ED001200CE053F8204011F8BF
:1041B0000CC004EB84040CEB440443F820400EF1E3
:1041C000010E491CB9420DDA09249EFBF4F404EBFC
:1041D000C4040DF1000CBEEB0404E6D111F80C4050
:1041E000401CEAE7297841F02001652927D12946BA
:1041F00015F8017F2B2F16BF2D2F15F8017B2B27CC
:104200000024A646DFF848C009E0E64505DA0EEBD3
:104210008E0409EB4404A4F1300E6D1C012495F8C2
:104220000090A9F1300ABAF10A0FEED32D2F08BF82
:10423000CEF1000E1F6877441F6004B90D461AB115
:1042400006B1A846C2F800800CB0BDE8F08700BFF8
:1042500000E1F505253034642530336425303364BE
:1042600025303364253033642530326425303164A1
:10427000253032642530336425303264253034648F
:104280002530316425303364253031642530316484
:104290002530316425303164253031642530316476
:1042A0002530316425303164253032642530316465
:1042B0002530316425303164253031640000000040
:1042C000F8B5064640F2FF717068C0F30A50144614
:1042D0001D46884206D0012806DA3046FFF72FFD3A
:1042E000012801DB002706E0726840F2FE3161F32D
:1042F0001E527260471AD6E9000122462B46F5F796
:10430000A5FDC6E9000139B23046BDE8F440FDF72D
:10431000CBBB2DE9FB4582B016009A4600F09A808F
:10432000DDE9022300200021FFF706F900F092806A
:1043300000244B4D002E43D576420FF23C174FF030
:1043400008080DE0F00707D5D7E9002320462946E5
:10435000F5F77CFD04460D4676080837A8F10108FC
:10436000002E18BFB8F1000FECD102A900A800F090
:104370008CFEDDE9020122462B46F5F707FFCDE969
:104380000201BDF9001002A8FDF78EFB070050D511
:10439000002E50D002A900A800F077FEDDE902014E
:1043A000304A314BF5F752FDCDE90201BDF900105D
:1043B00002A8FDF779FB07003BD5761EEAD13AE06B
:1043C000012E36DB0FF2B0074FF00808F00707D5D3
:1043D000D7E9002320462946F5F738FD04460D4667
:1043E00076100837A8F10108012E02DBB8F1000FA2
:1043F000ECD122462B4602A8FFF762FF070018D532
:10440000012E18DB02A900A800F03FFEDDE9020141
:10441000164A174BF5F71AFDCDE90201BDF9001058
:1044200002A8FDF741FB070003D5761E012EE9DA4D
:1044300001E03FB20FB1012F0CD100F041F9222170
:104440000160BAF1000F05D0DAF8000040F0010079
:10445000CAF80000DDE9020105B0BDE8F085000002
:104460000000F03F436FAC642806C80A3CBF737F6E
:10447000DD4F157500000000000000000000244022
:104480000000000000005940000000000088C34008
:104490000000000084D797410080E03779C3414392
:1044A000176E05B5B5B89346F5F93FE9034F384D9A
:1044B000321D30F94877825A3CBF737FDD4F157546
:1044C0002DE9F54F8BB000251698C0EBC0080E46BD
:1044D0001C46B8F1240FA8BF4FF023082560656083
:1044E000002701E0761C012730783028FAD00FF23F
:1044F000A01AA946CDF800A00DF1040B04E0206835
:10450000401C2060761C0127317816225046FDF7AA
:10451000CDF858B1C845F2DB0099401A0FF2881166
:10452000405C09F80B0009F10109EBE730782E280F
:1045300008BF761CB9F1000F08D104E02068401EC6
:104540002060761C012730783028F7D03178162289
:104550005046FDF7ABF888B1C8450CDBA0EB0A006C
:104560000FF24411405C01A909F8010009F10109A9
:104570002068401E2060761C0127E7E7C8451ADA4C
:1045800001A818F80000082806DB01A8404410F82C
:10459000011C491C00F8011CC1462068401C206019
:1045A00009E001A8484410F8010C70B92068401CCB
:1045B0002060A9F10109B9F1010FF2DAB9F1000F98
:1045C00004BF8DF804504FF001092068800020607E
:1045D000002F52D0072299FBF2F2C9F10701C2EB7A
:1045E000C2025118072291FBF2F20020C2EBC20274
:1045F0008A1A05D0012503E044F82520491C401CF7
:1046000048450EDA072391FBF3F310F80B20C3EBB8
:10461000C303CB1A0EBF6D1C54F8253002EB0312F6
:10462000EAE7307840F02000702826D1304616F8AE
:10463000011F2B2916BF2D2916F8011B2B21002243
:104640000023DFF848C009E0634505DA03EB830285
:104650000EEB4202A2F13003761C012296F800E034
:10466000AEF13008B8F10A0FEED32D2908BF5B4236
:1046700021685918216002B906460C9810B107B993
:104680000B9E066028460DB0BDE8F08F00E1F505F1
:1046900030313233343536373839616263646566B8
:1046A0004142434445460000000102030405060759
:1046B00008090A0B0C0D0E0F0A0B0C0D0E0F000053
:1046C000014800F00DBD00000000002062F30F2241
:1046D00062F31F42401810F0030308D0C91A1FD319
:1046E000DB0748BF00F8012D28BF20F8022D13007A
:1046F00030B414461546103928BF20E93C00FAD8DA
:10470000490728BF20E90C0048BF40F8042D890064
:1047100028BF20F8022D48BF00F8012D30BC70479B
:10472000C91818BF00F8012DCB0728BF00F8012DCC
:1047300070470000DFF824110843DFF824110860F7
:10474000704770B400210022002300240F25C67892
:10475000002E34D04249096811F4E061D1F5E061DE
:10476000090AD1F10404CD404178A14082782A4061
:1047700011430901027812F00302D2B2D200914033
:1047800002789210334B53F82220FF23047814F060
:104790000304E4B2E400A3409A4319400A430178B9
:1047A00089102C4B43F821200121027812F01F02BE
:1047B0009140007840112C4A42F8201009E0012174
:1047C000027812F01F02914000784011204A42F80E
:1047D000201070BC7047254A114008431E490860EC
:1047E0007047F0B40025FF26002300241C4F3F68CB
:1047F00017F4E067D7F5E0673F0A3C00D4F10407FF
:104800003D00E640C9B211FA05F4D2B216EA02013F
:104810000C43240110F0C005AD09C0F3012630009F
:10482000C0B2C0008440FF20F6B2F100884003000F
:104830000C4850F8250098430A4941F825000948DA
:1048400050F825002043074941F82500F0BC704787
:1048500080E100E000E400E008ED00E00000FA057F
:104860000CED00E018ED00E000E100E080FFFF1F2C
:10487000042806D11C48006850F004001A4908605A
:1048800005E01948006830F00400174908607047D7
:10489000164908607047012806D11348006850F097
:1048A0000100114908600CE010F1020F06D10E481A
:1048B0000068400840000C49086002E000200C49F4
:1048C00008607047C0B2002806D00748006850F062
:1048D00002000549086005E00348006830F0020066
:1048E000014908607047000010E000E014E000E0BB
:1048F00018E000E000B585B00022ADF800204FF4CC
:104900008272ADF80220ADF80400ADF80610012067
:10491000ADF808004FF40070ADF80A003020ADF893
:104920000C000020ADF80E000720ADF8100000A923
:10493000374800F0D7FB0121354800F0F3FB05B004
:1049400000BD80B501214FF48040FCF745FC4FF4D9
:104950006040ADF8000003208DF8020018208DF8AB
:10496000030000A92B48F5F735FE0320ADF8000041
:1049700003208DF8020010208DF8030000A92648BE
:10498000F5F728FE02210020FFF7B4FF01BD80B536
:10499000C0B2002802D0012809D00BE04FF400601B
:1049A000002189B280B2FFF7A5FF002002BD0020E0
:1049B0000021F6E7FF20F9E710B5040002211448B2
:1049C00000F0BEFB0028F9D0E4B2144804800121B5
:1049D0000F4800F0B5FB0028F9D0104804882000EB
:1049E000C0B210BD10B504000221094800F0A8FBB8
:1049F0000028F9D0094804800121054800F0A0FBF7
:104A00000028F9D005480488200080B210BD0000BD
:104A100000380040000C0140001001400C380040FC
:104A200080B501215FF08040FFF789F8002879D038
:104A300001215FF08040FFF799F80121B848F5F7B0
:104A40002DFE01285BD1B7480078002851D1B64827
:104A50000078B6490870B648007801282DD1B348CF
:104A60000078C01E062819D2B2480078C01E062859
:104A700004D2B14800684000AF490860AD480078F2
:104A80000D3809280AD2AC4800684000AA490860DD
:104A9000A948006850F00100A7490860A7480078BD
:104AA000411CA64A1170C0B21F281CDB0020A0497F
:104AB00008700120A249087015E09E480078283847
:104AC000092810D299480078C01E06280BD2012070
:104AD000974908700020994908700020964908609D
:104AE00000209749087000209649087001208D49E0
:104AF000087094480078401C9249087012E0894878
:104B00000078012809D18F4800788A490870002070
:104B10008549087000208349087083480078401C4C
:104B20008149087001BD00B585B001210120FCF765
:104B300053FB4FF41660ADF808000220ADF80400F6
:104B40000020ADF80A000020ADF8060001A95FF0D2
:104B50008040FEF769FF01215FF08040FEF7EBFF28
:104B600000215FF08040FEF7CCFF012201215FF0C1
:104B70008040FEF7B7FF01215FF08040FEF7A4FF01
:104B80001C208DF8000000208DF8010003208DF816
:104B9000020001208DF8030000A8FFF7D2FD05B048
:104BA00000BD80B501210820FCF706FB0120ADF80F
:104BB000000004208DF8030003208DF8020000A9F6
:104BC0005748F5F707FD01BD80B5FFF7EAFFFFF78E
:104BD000AAFF00205B49087000205349087000229A
:104BE0004FF480415848F5F767FD01BD80B5544842
:104BF0000078012840F093804F480068534988426C
:104C000017D14FF480415048F5F748FD012806D1EF
:104C100000224FF480414C48F5F74EFD05E001229B
:104C20004FF480414848F5F747FD01204849087096
:104C300072E0414800684749884217D14FF48041EB
:104C40004148F5F72BFD012806D100224FF48041A1
:104C50003D48F5F731FD05E001224FF480413A4827
:104C6000F5F72AFD01203C49087055E032480068FC
:104C70003A49884217D14FF480413348F5F70EFD89
:104C8000012806D100224FF480412F48F5F714FD8A
:104C900005E001224FF480412B48F5F70DFD01207E
:104CA0002F49087038E0244800682E49884217D1FF
:104CB0004FF480412448F5F7F1FC012806D1002289
:104CC0004FF480412048F5F7F7FC05E001224FF44E
:104CD00080411D48F5F7F0FC01201F4908701BE0DA
:104CE000154800682049884216D14FF48041164883
:104CF000F5F7D4FC012806D100224FF48041124878
:104D0000F5F7DAFC05E001224FF480410E48F5F793
:104D1000D3FC01200E49087000200949087001BD2C
:104D2000000C0140183400201434002016340020F8
:104D30001734002015340020D43300201A3400200A
:104D40001934002013340020001001407F80DF2040
:104D50001C340020FF00DF201B340020EF10DF2078
:104D60001D340020BF40DF203FC0DF2080B501217F
:104D70002020FCF721FA4020ADF8000004208DF837
:104D8000030003208DF8020000A90E48F5F722FC6D
:104D900001BD10B5002440210A48F5F77FFC00282A
:104DA0000DD11420F5F703FC03E00220F5F7FFFB1B
:104DB000012440210348F5F771FC0028F5D02000BC
:104DC000C0B210BD001401408179002938D02C49AF
:104DD0000968026891432A4A11602A4909680268F1
:104DE0009143284A11600179254A515802681143BC
:104DF0000279234B99502449096802689143224A59
:104E000011602249096802689143204A1160417982
:104E100010290CD11C490968026811431A4A116013
:104E20001A490968006808431849086010E0417988
:104E3000134A5158026811434079114A115007E052
:104E400001790F4A51580268914300790C4A115078
:104E50007047002100220A4B1B6803401A000C4BCC
:104E60001B68034203D0002A01D0012100E0002189
:104E70000800C0B270470649086070470000000093
:104E80000004014004040140080401400C040140F6
:104E90001404014080B501210420FCF78DF9302075
:104EA000ADF8000003208DF8020014208DF80300F7
:104EB00000A9DFF8BC01F5F78DFB01BD80B5FFF758
:104EC000E9FF012220216A48F5F7F6FB01221021B3
:104ED0006748F5F7F1FB0A20F5F75AFB002220217D
:104EE0006348F5F7E9FB0A20F5F752FB0022102191
:104EF0005F48F5F7E1FB0A20F5F74AFB002002BD09
:104F0000F8B506000D000024002716E0002220213D
:104F10005748F5F7D1FB0F20F5F73AFB0122102196
:104F20005348F5F7C9FB0F20F5F732FB002210219B
:104F30004F48F5F7C1FB76007F1C082F07DA3006D3
:104F4000E4D5012220214A48F5F7B6FBE3E720200B
:104F5000ADF8000003208DF8020004208DF8030056
:104F600000A94348F5F736FB0A20F5F711FB0122AB
:104F700010213F48F5F7A0FB0F20F5F709FBEDB234
:104F8000002D12D1002703E00520F5F701FB7F1C5F
:104F9000642F06DA20213648F5F780FB0028F3D18C
:104FA0000024642F01DB5FF0FF3400221021304821
:104FB000F5F782FB0520F5F7EBFA2020ADF80000AD
:104FC00003208DF8020014208DF8030000A9284862
:104FD000F5F700FB0F20F5F7DBFA2000F2BD80B5F6
:104FE000FFF758FF1420F5F7D3FA012210212048CB
:104FF000F5F762FB0A20F5F7CBFA012220211C48C5
:10500000F5F75AFB0A20F5F7C3FA01BD70B50400A5
:105010000D001600FFF752FF002803D5FFF7DFFF52
:10502000144822E0002114F0FE00FFF769FF002879
:1050300003D5FFF7D4FF104817E0002400E0641CFC
:10504000B4420ADA605D0021C0B2FFF759FF0028C0
:10505000F5D5FFF7C4FF094807E0002220210448E6
:10506000F5F72AFBFFF7BBFF002070BD0000000032
:10507000000801400DFCFFFF0CFCFFFF0AFCFFFFD6
:10508000002200F067B80000704738B50C460546AE
:105090006068C0F30A5040F2FF7188420BD10020D3
:1050A00028806068000304BF2068002801D0022027
:1050B00032BD012032BD012804DA2046FEF73FFE52
:1050C00001280ADA626840F2FE3161F31E52626022
:1050D000401A28804FF0FF3032BD0020288032BDBA
:1050E0007047000010B4002203881A0012F44152E5
:1050F0000B884C8823438C882343CC8823430C891A
:1051000023434C8923438C892343CC8923431A436B
:105110000280828B4FF2FF731A408283098A0182D8
:1051200010BC7047C9B2002904D0018851F0400179
:10513000018004E001884FF6BF7211400180704782
:1051400000220089084201D0012200E00022100064
:10515000C0B2704700B500BF1300964694461039A0
:1051600028BFA0E80C50FAD85FEA417C28BF0CC0E9
:1051700048BF40F8042BC90728BF20F8022B48BFBE
:1051800000F8012B00BD000000000000000000003E
:10519000000000000000000000007E81A58181BDAC
:1051A0009981817E0000000000007EFFDBFFFFC3CD
:1051B000E7FFFF7E00000000000000006CFEFEFE26
:1051C000FE7C3810000000000000000010387CFE5B
:1051D0007C38100000000000000000183C3CE7E7AD
:1051E000E718183C00000000000000183C7EFFFF9C
:1051F0007E18183C00000000000000000000183C71
:105200003C18000000000000FFFFFFFFFFFFE7C3A6
:10521000C3E7FFFFFFFFFFFF00000000003C4281EB
:105220008181423C0000000000000000003C4299E7
:10523000BD99423C00000000030202020202020289
:105240000202020202020203C040404040404040CD
:1052500040404040404040C000003F333F3030308D
:105260003070F0E00000000000007F637F63636344
:105270006367E7E6C00000000000001818DB3CE7A9
:105280003CDB1818000000000080C0E0F0F8FEF8D9
:10529000F0E0C080000000000002060E1E3EFE3E50
:1052A0001E0E0602000000000000183C7E181818B0
:1052B0007E3C1800000000000000666666666666B8
:1052C000660066660000000000007FDBDBDB7B1B06
:1052D0001B1B1B1B00000000007CC660386CC6C690
:1052E0006C380CC67C0000000000000000000000CC
:1052F000FEFEFEFE000000000000183C7E1818189C
:105300007E3C187E000000000000183C7E18181833
:10531000181818180000000000001818181818189D
:10532000187E3C18000000000000000000180CFE71
:105330000C1800000000000000000000003060FEBB
:105340006030000000000000000000000000C0C04D
:10535000C0FE0000000000000000000000286CFEFD
:105360006C28000000000000000000001038387CAD
:105370007CFEFE000000000000000000FEFE7C7CC1
:10538000383810000000000000000000000000009D
:1053900000000000000000000000183C3C3C181811
:1053A000180018180000000000666666240000005F
:1053B00000000000000000000000006C6CFE6C6C3F
:1053C0006CFE6C6C0000000018187CC6C2C07C0625
:1053D0000686C67C1818000000000000C2C60C1823
:1053E0003060C686000000000000386C6C3876DC47
:1053F000CCCCCC76000000000030303060000000E3
:10540000000000000000000000000C1830303030B8
:105410003030180C00000000000030180C0C0C0C90
:105420000C0C1830000000000000000000663CFF7B
:105430003C66000000000000000000000018187E1C
:10544000181800000000000000000000000000002C
:10545000001818183000000000000000000000FED6
:10546000000000000000000000000000000000003C
:1054700000001818000000000000000002060C18D0
:105480003060C080000000000000386CC6C6D6D670
:10549000C6C66C38000000000000183878181818CC
:1054A0001818187E0000000000007CC6060C18309A
:1054B00060C0C6FE0000000000007CC606063C0678
:1054C0000606C67C0000000000000C1C3C6CCCFEF4
:1054D0000C0C0C1E000000000000FEC0C0C0FC064A
:1054E0000606C67C0000000000003860C0C0FCC694
:1054F000C6C6C67C000000000000FEC606060C18EA
:10550000303030300000000000007CC6C6C67CC6CB
:10551000C6C6C67C0000000000007CC6C6C67E066B
:1055200006060C78000000000000000018180000BB
:10553000001818000000000000000000181800000B
:105540000018183000000000000000060C18306041
:1055500030180C060000000000000000007E000073
:105560007E000000000000000000006030180C0603
:105570000C1830600000000000007CC6C60C181833
:1055800018001818000000000000007CC6C6DEDE0F
:10559000DEDCC07C00000000000010386CC6C6FED7
:1055A000C6C6C6C6000000000000FC6666667C66D3
:1055B000666666FC0000000000003C66C2C0C0C019
:1055C000C0C2663C000000000000F86C66666666BB
:1055D00066666CF8000000000000FE66626878688D
:1055E000606266FE000000000000FE666268786887
:1055F000606060F00000000000003C66C2C0C0DED9
:10560000C6C6663A000000000000C6C6C6C6FEC692
:10561000C6C6C6C60000000000003C1818181818BE
:105620001818183C0000000000001E0C0C0C0C0C9C
:10563000CCCCCC78000000000000E666666C787880
:105640006C6666E6000000000000F060606060606C
:10565000606266FE000000000000C6EEFEFED6C6D8
:10566000C6C6C6C6000000000000C6E6F6FEDECED6
:10567000C6C6C6C60000000000007CC6C6C6C6C6B8
:10568000C6C6C67C000000000000FC6666667C6042
:10569000606060F00000000000007CC6C6C6C6C6A0
:1056A000C6D6DE7C0C0E00000000FC6666667C6CD4
:1056B000666666E60000000000007CC6C660380C26
:1056C00006C6C67C0000000000007E7E5A1818182E
:1056D0001818183C000000000000C6C6C6C6C6C6A2
:1056E000C6C6C67C000000000000C6C6C6C6C6C648
:1056F000C66C3810000000000000C6C6C6C6D6D66C
:10570000D6FEEE6C000000000000C6C66C7C383887
:105710007C6CC6C6000000000000666666663C1829
:105720001818183C000000000000FEC6860C183057
:1057300060C2C6FE0000000000003C303030303057
:105740003030303C0000000000000080C0E07038C5
:105750001C0E06020000000000003C0C0C0C0C0C9F
:105760000C0C0C3C0000000010386CC6000000005F
:105770000000000000000000000000000000000029
:105780000000000000FF00000030180C00000000C6
:1057900000000000000000000000000000780C7C09
:1057A000CCCCCC76000000000000E06060786C6635
:1057B0006666667C0000000000000000007CC6C039
:1057C000C0C0C67C0000000000001C0C0C3C6CCC6F
:1057D000CCCCCC760000000000000000007CC6FEAF
:1057E000C0C0C67C0000000000001C36323078309B
:1057F0003030307800000000000000000076CCCC93
:10580000CCCCCC7C0CCC78000000E060606C766680
:10581000666666E6000000000000181800381818D8
:105820001818183C0000000000000606000E0606CE
:105830000606060666663C000000E06060666C785E
:10584000786C66E600000000000038181818181878
:105850001818183C000000000000000000ECFED604
:10586000D6D6D6C6000000000000000000DC666648
:10587000666666660000000000000000007CC6C688
:10588000C6C6C67C000000000000000000DC6666A2
:105890006666667C6060F000000000000076CCCC9C
:1058A000CCCCCC7C0C0C1E000000000000DC76662A
:1058B000606060F00000000000000000007CC66036
:1058C000380CC67C000000000000103030FC303086
:1058D0003030361C000000000000000000CCCCCCB2
:1058E000CCCCCC76000000000000000000C6C6C68C
:1058F000C6C66C38000000000000000000C6C6D616
:10590000D6D6FE6C000000000000000000C66C3817
:1059100038386CC6000000000000000000C6C6C693
:10592000C6C6C67E060CF8000000000000FECC18BB
:105930003060C6FE0000000000000E181818701835
:105940001818180E00000000000018181818181871
:1059500018181818000000000000701818180E1809
:1059600018181870000000000076DC00000000002D
:1059700000000000000000000000000010386CC6AD
:10598000C6C6FE000000000000000000000000008D
:105990000000000000000000010101010000000003
:1059A00000000000000000000000000000000000F7
:1059B000000001010101013F0000000000000000A3
:1059C00000000000000000F08080808000000000E7
:1059D00000000000000000000000000000000000C7
:1059E00000000000000000000000000000000000B7
:1059F000000000000000001F000000000000000088
:105A000000008080808080F840404040000000001E
:105A10000000000000000000000000000000000086
:105A20000000000000000000000000000000000076
:105A3000000000000000000F000000000000000057
:105A400000004040404040FC20202020000000009A
:105A50000000000000000000000000000000000046
:105A60000000000000000000000000000000000036
:105A7000000000000000000700000000000000001F
:105A800000002020202020FE7047FEE7FEE7FEE712
:105A9000FEE7704770477047DFF85C030068401C02
:105AA000DFF854130860DFF854030088401CDFF867
:105AB0004C130880DFF848030088401CDFF84013CF
:105AC0000880DFF840030088401CDFF838130880A6
:105AD000DFF834030078401CDFF82C130870DFF87F
:105AE0002C030068002806D0DFF820030068401E61
:105AF000DFF818130860DFF818030068002806D0E4
:105B0000DFF80C030068401EDFF804130860DFF8BC
:105B100004030088002806D0DFF8F8020088401E41
:105B2000DFF8F0120880DFF8F0020068002806D0E5
:105B3000DFF8E4020068401EDFF8DC120860DFF8DE
:105B4000DC020068002806D0DFF8D0020068401EA2
:105B5000DFF8C8120860B2480088002804D0B048B6
:105B60000088401EAE490880AE480088002804D056
:105B7000AC480088401EAB490880AB48006800284C
:105B800004D0A9480068401EA74908609B480088C7
:105B9000642190FBF1F201FB120000280ED1A34812
:105BA0000068401CA1490860A1480078401CA04939
:105BB0000870A0480068401C9E4908609E48006824
:105BC000002804D09C480068401E9B4908609B4800
:105BD0000068411C994A1160B0F57A7F24D3984837
:105BE0000068401C9649086096480068401C95492A
:105BF000086095480068401C934908609348006815
:105C0000401C9249086000208C4908609048006858
:105C1000401C8F4908608F484068002804D08D4898
:105C20004068401E8B494860854800683C2807D37F
:105C300089480068401C8849086000208049086045
:105C4000824800683C2807D384480068401C834988
:105C5000086000207D4908607047704770477047B2
:105C6000704770477047704770477047704770477C
:105C7000704770477047704770477047704770476C
:105C8000704770477047704770477047704770475C
:105C9000704770477047704770477047704770474C
:105CA00080B540F225516E48FBF79BFB002816D0CB
:105CB0006C4800886C4949786B4A891888706A4832
:105CC0004078401C68494870C0B2FA2802D30020CE
:105CD0006549487040F225516148FBF7B3FB01BDAF
:105CE00080B540F225516148FBF77BFB002816D0B8
:105CF0005F4800885F4949785E4A891888705D4826
:105D00004078401C5B494870C0B2FA2802D300209A
:105D10005849487040F225515448FBF793FB01BDA8
:105D200080B540F225515448FBF75BFB002816D0A4
:105D30005248008852494978514A89188870504819
:105D40004078401C4E494870C0B2FA2802D3002067
:105D50004B49487040F225514748FBF773FB01BDA2
:105D6000704780B54FF48040FFF773F8002817D0D4
:105D70004FF480414348F4F791FC012808D10121F8
:105D80000120F9F71BFF00213F48FDF7D2FE03E099
:105D900000210020F9F712FF4FF48040FFF76BF865
:105DA00001BD704770477047704770477047704734
:105DB000704770477047704780B540F225513348AF
:105DC000FBF70FFB002816D031480088314949788D
:105DD000304A891888702F484078401C2D494870F7
:105DE000C0B2FA2802D300202A49487040F2255157
:105DF0002648FBF727FB01BD74330020E833002061
:105E0000EA330020EC330020023400206833002005
:105E10006C330020EE33002058330020A8330020DC
:105E2000E4330020E6330020A0330020903300202C
:105E30000134002070330020783300207C330020B0
:105E400080330020883300209C33002084330020DE
:105E500094330020303300208C330020983300200E
:105E60000038014004380140A828002000440040C8
:105E700004440040A4290020004800400448004099
:105E8000A02A00200020014000040040004C0040F7
:105E9000044C00409C2B00207047704770477047AF
:105EA0007047704770470000136A340019A6370026
:105EB000ABE8340027FF37009BB3370045DD3600E1
:105EC0009FCD370025F43700958E3700979B37001C
:105ED0009EC83700B8F3330021B734008E4033003A
:105EE00023EA3700A1DD37002BEE340043DB360018
:105EF000A5F837001FD23700B3E13300A9B633004D
:105F00001DC63700ADC8330099AC37009385370004
:105F100029E73400B1A33600117937008C393300FA
:105F2000810C3400A9B933009FD63700117A3700AD
:105F300029EA34001595370029BB3300AF9F36009E
:105F4000A093330090743700BBC83600A9BC33005F
:105F50009DCC3700A2EE37002BF93400A1E83700C2
:105F6000A9EE3400B3EB330021C23400ACCC3300D3
:105F7000138B370097A63700B9C5360094923700C7
:105F8000A3F937001BC33700AD9D36009CCA37000C
:105F9000ABFE340098AF370013753400B3B336004E
:105FA000A0C03400956633009EB534008D64370080
:105FB000A1C7340027BB330027BB33009B833300CA
:105FC00033F43300A07336000D54340039CC36005E
:105FD00027BD33008C2D36003BD43600ACD53300C2
:105FE0008F4C3300B3B83600B3B836009156330047
:105FF00091563300B8CB360021CD3400AACE330001
:10600000C19C3100B2F5330033BB36009FC234006F
:10601000937A3400156B3300A5B833008838340008
:10602000AFE93300A3DC34009053330033FE330078
:10603000820F330025EA34000107360096713300E1
:10604000A1D23400A6F1340084193300A8FE340034
:1060500033C03600B9D63600998133009BAF340087
:1060600037D03600A7FA3400BBDF36002FF03300FC
:106070008D593400B3C23600B3C23600A99D360034
:1060800027FD3400BCE5360021D83400ADAD360024
:106090002DE933002DAE360033C53600A89B3600FF
:1060A00045B03100A2E03400C5B03100AFF5330097
:1060B000BB973100115D33009EC834009EC8340088
:1060C000A4EF3400906F3400A48E360029A236006D
:1060D000A1DD34001DC43400A4F1340039E13600E0
:1060E0009AB1340023EC3400A08036009EA2330025
:1060F00025FA3400BDF236009B9333000B51340077
:10610000851736002FFD3300A79D3600871F360008
:10611000ADF333008944340021E334001594340096
:106120008F6C3400BCF23600A3F13400998B33003D
:10613000B8E33600A4C63300A4C633008C5934003B
:10614000969C340037E13600945436009DA233000B
:10615000873834008B533400B7E23600B1CA3600BA
:10616000A1E83400A8A63600B4D736009CC7340096
:10617000338C3100B99C3100138B34000947340053
:106180000B4333008E533300A7DC33008F70340091
:106190001BC334002FC636009BC334002DFF3300D1
:1061A000A0E63400A7DE330021EE34000B563400A5
:1061B0000939330041B6310039F23600B38F31006E
:1061C0008D643400196D360013543600955C36002A
:1061D000955C3600A3CB33000B4533009C7A360028
:1061E0009DAA3300093A330029B23600BBFE3600BF
:1061F00021C2330021C23300A4D333009B77360081
:10620000999533000B4633009D8036000F5D3300B7
:10621000B8F43600178B3300093B33009EB33300CC
:1062200090493600A39B3600AFCF36008C3836003D
:106230002FD036009BA33300A9B63600B4E6360053
:106240009EB533000F46360023D33300093C33009C
:10625000114F3600114F36001DB133000B4833008B
:10626000BBAE3100914F360003123600B8FB36004A
:1062700041C13100A6E73300116C33003BB031005F
:1062800031DE360045CE310029BB3600C5CE3100A7
:106290009359360080B5F3F7F1FA67480088400556
:1062A00006D500224FF480516448F4F705FA05E062
:1062B00001224FF480516148F4F7FEF901BD80B529
:1062C0002C225F495F48FBF7AFFD2C215C48F7F7B4
:1062D0000BFB002835D55C48F3F783FB68225B494C
:1062E0005B48F4F74BF934225A495B48F4F746F916
:1062F0006C225A495A48F4F741F93C2259495A4804
:10630000F4F73CF9102259495948F4F737F91422A7
:1063100058495948F4F732F90C2258495848F4F7CB
:106320002DF9242257495848F4F728F92C225749C7
:106330005748F4F723F9242256495748F4F71EF931
:1063400005E0F7F72CFBF7F734FEF9F793FA01BDF8
:1063500070B50024FBF7C0FF5148F3F742FBF9F793
:1063600050FDFCF74DFC42F210704E490860FFF7FB
:10637000A6FF282200214C48FBF71CFC00204B49BB
:1063800008604FF480514A48F4F788F9002805D195
:10639000E4B2002C02D1FFF792FF0124FFF77AFF4D
:1063A000F3F780F8F3F73EF9FEF720FCFDF75CFA0F
:1063B000F9F716F83F4800680028E2D14FF49670CC
:1063C0003C490860354840680128DAD13648806881
:1063D000F4F700F83849FDF7BFF801000D00324826
:1063E0000068F3F7F7FF3549FDF7B6F82900FCF729
:1063F00079FD1748406D022803D01548406D0328E9
:10640000BFD11348426D150027480069F3F7E2FF3A
:106410002949FDF7A1F801002A000D0016002248C5
:106420004069F3F7D7FF2649FDF796F832002900B7
:10643000FCF788FDA5E70000E833002000100140CC
:1064400010200020000005084C6C0108A065010820
:10645000842F00204467010868310020346501085A
:10646000182F00209C6601082C310020906D010837
:10647000F0320020246C0108B43200205C6E010868
:1064800000330020EC6801086C320020D46701085A
:106490009C31002010690108903200203833002020
:1064A00058690108783300201C320020DC330020BA
:1064B00000080140A833002000007A440000C842D0
:1064C00000002041253031642530316425303164AD
:1064D0002530316425303164253031642530316414
:1064E0002530316425303164253031642530316404
:1064F00025303264253031642530316425303164F3
:1065000025303164253031642530316425303164E3
:1065100025303164253031642530356425303364CD
:1065200025303164253031642530316425303164C3
:10653000000000000000000000000000000000005B
:10654000000000000000000000000000000000004B
:10655000000000000000000000000000000000003B
:106560002D000000000000000000000000000000FE
:10657000000000000000000000000000000000001B
:106580000000000000000000C800000063000000E0
:1065900000000000010000000100000000000000F9
:1065A0003C00000003000000050000000A0000009D
:1065B00005000000050000000000000000000000D1
:1065C0001E00000032000000C800000001000000B2
:1065D0001E0000000000000001000000020000009A
:1065E00000000000000000000000000000000000AB
:1065F000000000000000000000000000000000009B
:1066000000000000000000002530316425303164B6
:1066100025303164253031642530316425303164D2
:1066200025303164253031642530326425303164C1
:1066300025303164253033642530336425303364AC
:1066400025303258253031642530325825303258C3
:10665000253032582530325800000000253034648F
:106660002530346425303464253034642530346476
:106670002530346425303464253034642530346466
:106680002530346425303464253034642530326458
:1066900025303364253033640000000028000000FA
:1066A0003C000000280000003C00000064000000E6
:1066B0008C00000014000000960000001400000090
:1066C00096000000780000001A040000140000008A
:1066D000640000001400000046495845445F4C4FD8
:1066E000474943414C5F5041545445524E286164E0
:1066F00064723D3078253034582C20646174613DDB
:1067000025642C20307825303458292E0D0A0000BD
:1067100025303364253033642530346425303364C8
:1067200025303364253033642530336425632530C8
:1067300033642530336425303364253033642530A9
:1067400033640000320000003200000078000000D6
:106750002100000032000000320000006400000050
:10676000560000000A000000640000006400000001
:10677000640000006400000025303164253033647B
:10678000253031642530316425303164253034645E
:106790002530336425303464253034642530346446
:1067A0002530346400000000302E25732E25732E12
:1067B00054345047204D61696E204227642841704F
:1067C000706C69636174696F6E2053656374696F7F
:1067D0006E2900000000000014000000000000000E
:1067E00000000000000000007800000064000000CD
:1067F000640000008C000000780000001A04000013
:10680000253032782530327825303278253032788C
:1068100025303164253031642530316425303464CD
:1068200025303464000000002530316425303164A7
:1068300025303164253031642530336425303364AC
:106840002530336425303364253031640000000086
:106850002530326425303464253034642530346486
:1068600025303458253034582530345825303458A4
:10687000253034580000000066666E410000A040DC
:106880000000E0400000803F0000A0400000F04118
:1068900000000000000000000000A0400000A04038
:1068A00010B5074979441831064C7C44163404E08D
:1068B0000A68081D511888470146A142F8D110BD49
:1068C000BC000000DC00000025303264253031645B
:1068D0002530346425303564253032642530346405
:1068E00025303564253032640000000000000000CF
:1068F0000000000000000000000000001400000084
:106900000F000000140000000F0000000000000055
:106910000000000000000000000000000000000077
:106920000000000000000000000000000000000067
:10693000040000002530325825303364253032649D
:106940002530326425303464253034642530346495
:1069500025303364000000000D0A5B494E20485387
:10696000452046495D204170706C69636174696FB0
:106970006E2053746172742E0D0A0000AF34FFFF55
:10698000183400000800002000000000C32EFFFFA4
:1069900008000000180700000000002000000000B0
:1069A0002530316425303164253032582530325855
:1069B000253032582530325825303258000000003A
:1069C0002530346425303464253034642530346413
:1069D000253164253034582530345825303458005A
:1069E000256325303258253032582530325825302D
:1069F00032582530345825730000000025303158B6
:106A0000253032582530325825303258253032580A
:106A100025303258000000002F2A204C6F6164207E
:106A2000466F6E74207374617274202A2F2E0D0AC3
:106A30000000000000F00BF8002801D0FFF730FF45
:106A40000020C046C046FFF783FC00F002F801209A
:106A5000704700F001B800000746384600F002F821
:106A6000FBE7000080B5C046C046024A110018206E
:106A7000ABBEFBE726000200543A56636328252E7E
:106A80003166292C49636328252E316629000000D0
:106A9000454725643A5628252E3166292C4328255A
:106AA0002E31662925640000445425643A56282571
:106AB0002E3166292C4328252E316629000000003E
:106AC000543A56626C28252E3166292C49626C286E
:106AD000252E316629000000443A56646D28252E83
:106AE0003166292C49646D28252E31662900000065
:106AF000523A56636328252E3166292C4963632850
:106B0000252E316629000000523A56646D28252E44
:106B10003166292C49646D28252E31662900000034
:106B2000523A56626C28252E3166292C49626C280F
:106B3000252E316629000000256325303258253086
:106B4000325825303258253032582530345800001C
:106B5000253031642530316425303364253031648B
:106B60002530316400000000253033642530325870
:106B70002530316425303164253034640000000054
:106B80002530316425303164253032582530325873
:106B90002530325800000000253034782530327816
:106BA0002530327825303164253031640000000012
:106BB0002530327825303278253031642530336401
:106BC000253031640000000025303458253032581B
:106BD00025303164253031642530316400000000F7
:106BE0002F2A204C6F616420466F6E7420656E649E
:106BF000202A2F2E0D0A000025303158253034640C
:106C000025303464253034642530346400000000BD
:106C1000434F50454E20434845434B204552524F29
:106C200052000000000000000000000064000000AE
:106C30000100000001000000253031582530326489
:106C40002530326425303264000000004C6F6164EE
:106C50002044656661756C74207365742E0D0A009E
:106C60002530316425303464253031642530346476
:106C70000000000025303264253032642530316454
:106C80002530316400000000253034642530346440
:106C90002530315825303458000000002530346448
:106CA000253034642530346425303464000000001D
:106CB0002530345825303458253034582530326446
:106CC00000000000253034642530346425303464FD
:106CD0002530346425316400253034642530346433
:106CE00025303464253034580000000025303364EA
:106CF00025303464253034642530316400000000D0
:106D000025303164253034642530346425303258E0
:106D100000000000253033642530336425303364AF
:106D200025303364000000002530346425303164A0
:106D30002530316425303464000000000000B9447F
:106D40000000FA4300803B450000FA430000FA438C
:106D50002530347825303278253032640000000048
:106D6000000000004000000014000000540000007B
:106D70002530346425303564253032580000000059
:106D80002530316425303164253031640000000045
:106D900030303030303030303030303030303030F3
:106DA0002530356425303464253032580000000029
:106DB0002530325825303258253033640000000029
:106DC0002530345825303458253034580000000020
:106DD00025303464253034642530346400000000EC
:106DE0002530346425303464253034642531640022
:106DF00025303364253034642530346400000000CD
:106E000025303164253031642530346400000000C1
:106E10000000000001020304010203040607080940
:106E20002825303258202530325829002530327834
:106E3000253032780000000025303464253033647A
:106E4000000000004A756C203331203230323600A9
:106E500031343A33313A3032000000000000000093
:106E6000000000000000000025303164253031644E
:106E70000000000025303158253034640000000047
:106E80002530325825303258000000002530315866
:106E9000253032580000000025303164253032782A
:106EA000000000002530316425303164000000000E
:106EB0002530315825303158000000002530315838
:106EC0002530316400000000253033642530336400
:106ED00000000000253031642530336400000000DC
:106EE0002530345825303458000000002530315802
:106EF00025303458000000002530346425303464D7
:106F000000000000253031642530315800000000B9
:106F10002530336425303264000000000001020394
:106F20000405060708090000253033642530356460
:106F300000000000C046C046C046C046FFF77AFDCC
:106F40002530345800000000253032640000000075
:106F500056626C320000000049626C320000000092
:106F6000537472696E67000020486967680000000A
:106F7000204C6F770000000028252E316629000084
:106F8000282530325829000025303258256300006A
:106F90002530315800000000253031640000000029
:106FA000253032780000000025303258256300007B
:106FB00025303158000000002530347800000000F2
:106FC00025303478000000002530326400000000D5
:106FD00025303164000000002530315800000000E9
:106FE000253032582563000025303258000000005B
:106FF00025303158000000002530316400000000C9
:1070000025303158000000002530325800000000C3
:1070100025303458000000002530316400000000A5
:107020002530316400000000253034580000000095
:107030002531582532580000253034640000000006
:107040002530325800000000253032780000000062
:107050002530315800000000494E464F0000000026
:1070600044434C4B00000000253033640000000016
:107070002530347800000000253164253364000099
:10708000253178253164000025303164000000008E
:107090002530346400000000253031640000000019
:1070A00001000203010204080204060800000000B7
:0470B00004000000D8
:0400000508016F354A
:00000001FF
